Content;Consumer Sentiment Classifier;Automatic Classifier
Realmente el estudio es un sacrificio, si bien es ciero este curso ayudo muhco, a poder hacer un seguimiento al codigo, para saber en que parte se cae y en que no, se aprendio mucho sobre todas las herramientas que dijo que habria, ahora toca seguir reforzando con otros cursos mas, ahora ire por uno de javascript y luego uno de react, sacrifiquense, que aunque crean que es muy dificil si se puede;Positive;Course Recommendation
Curso increible, super recomendado, el profesor sabe explicar bien y es super inteligente, le doy 5 estrellas!  lo unico es que existieron momentos un poco complicados como siempre en la programacion donde el profesor explicaba un poco rapido porque evidentemente este es el curso mas completo de Udemy y para explicar tanto en tan poco tiempo el profesor lo hizo excelente.;Positive;Positive Feedback
As a noobie developer, i´ve learned so much with this challenge, and hope to use all of this learning in my career.;Positive;Learning Experience
El curso muestra toda la implementación necesaria de una página web, es decir paso a paso dice cómo debemos aplicar base datos, HTML, Javascript y CSS.;Positive;Course Content
Excelente curso, muy completo. Excelente la forma de explicar. Desde lo más fácil hasta irlo complicando mas. Lo recomiendo 100%;Positive;Course Recommendation
Primeramente agradecer al profesor Juan por su muy buena forma de explicar el curso y a todos los profesores por el grandioso proyecto, aprendí mucho ahora me toca ponerlo en práctica  haciendo nuevos proyectos y así poder tener un buen portafolio, muchas gracias a los porfesores por responder cuando les hacia una pregunta o si tenia una alguna duda.;Positive;Instructor Quality
Un gran curso! Lo importante a recalcar es que finalizando no te harás un experto del desarrollo web, pero te dará unas fantásticas bases.;Positive;Course Quality
El mejor curso sobre estos temas, sin dudas, el profe explica todo muy bien y siempre atento a responder las preguntas de la gente. Super recomendado.;Positive;Instructor Quality
El contenido es muy bueno, es muy practico, tiene una excelente metodologia de enseñanza, en verdad tiene ganado el titulo de Profesor. Te responden todas las dudas, se preocupan porque el contenido quede claro. He visto muchas personas dar clases on line, saben muchisimo de codigos, pero sus metodologia de desarrollo es totalmente obsoletos, con medidas de seguridad precarias, con supuestos absurdos, en cambio Juan de la Torre sabe muy bien lo que hace. Aunque confieso que mis desarrollos no han sido del todo igual a los de el porque busco nutrirme de sus conocimientos, hacerlo a mi manera y agregarle muchas mas cosas para poder avanzar mejor;Positive;Instructor Quality
Excelente curso, supero mis expectativas. Cuando inicie no sabía nada de nada, termine sabiendo de muchas cosas que seguro me servirán a futuro en mi desarrollo profesional, si eres nuevo y no sabes por donde comenzar este es tu curso, nunca se hace pesado, el instructor es muy bueno y casi cualquier duda es aclarada. Muchas gracias profe Juan, este curso vale mucho más de lo que uno paga por él.;Positive;Course Recommendation
El curso es un lujo. Creo que no hay nada igual en ninguna parte. El profe es un crack total. Todo el conocimiento lo comparte. Enseña con proyectos que podes aplicar en la realidad. Sin dudas el mejor curso de Udemy y de todos lados jajaj.;Positive;Positive Feedback
Muchas gracias por todo lo que nos enseño profesor, esta increible el curso, la verdad para mi no fue un camino facil habia momentos en los que no me sentia capaza de terminar el curso, aun asi logre terminarlo con totla satisfaccion, ahora es momento de poner en practica todo lo aprendido y hacer mi propio portafolio.;Positive;Instructor Quality
El problema del curso es que muchas partes el profesor no se explica bien y aparte ya muchas de las funciones que usa no estan actualizadas y te daran bastantes errores.Podria mejorar mucho;Negative;Instructor Quality
El curso es extremadamente completo, obvio que es un poco pesado, pero vale toalmente la pena por todo lo que te enseña. Es un curso que me abrió diferentes perspectivas y visiones de todo el mundo del desarrollo Web. Gracias!!!;Positive;Course Content
Es un curso genial, tiene muchos proyecto que es lo que se necesita para aprender, practicar mucho. Los videos son cortos y concisos explicando en cada video una funcionalidad, de esta manera es mucho más cómodo ir a buscar algo concreto que necesites.;Positive;Course Content
La verdad un curso increíble, aprendí bastante me sorprende como todo esta tan bien hecho para que luego frameworks como symfony no cueste aprenderlos, en el camino me tope con muchos errores mas que nada por versiones recientes pero considero que juan no va a estar en mi trabajo diciéndome oye así se soluciona, así que aprendí a solucionarlos por mi cuenta, lo único malo entre comillas es que el instructor no comete errores me hubiera gustado aprender desde su forma a solucionarlos pero muy buen curso también tengo el de react y posiblemente me compre todos cuando termine los anteriores;Positive;Course Quality
La verdad muy bueno el curso, esta muy completo y lo mejor es que el instructor te responde cuando tienen una duda muy puntual;Positive;Instructor Quality
Me gusto, fue mi primer curso pago y aprendi mucho de cosas de html y css que fue lo que sabia pero me sirvio para perfeccionarlo, ya en la parte que se agrego javascript o php no es que sienta que esta mal explicado pero senti que fueron demasiados proyectos al final y a dia de hoy algunas cosas quedaron un poco desactualizadas por lo que trae problemas o tambien se siente mucha informacion nueva de golpe, pero es un buen curso;Positive;Course Content
Muy buen profesor! va medio rapido y hay muchas explicaciones en muy poco tiempo pero es cuestion de volver a mirar y repasar;Positive;Instructor Quality
Curso con aprendizaje todo, muchos detalles, mucha información. Hay que dedicarle tiempo, y se aprende el uso de muchas herramientas;Positive;Course Content
Desde luego este es el curso obligado para todo aquel que comienza. Si vas directo a un framework tipo React, Vue, etc sin saber nada, si que aprenderás, e incluso llegarás a crear proyectos, pero en el fondo no entenderás nunca ni la mitad de lo que haces, del porqué sucede todo. Eso te creará una angustia e inseguridad que no te la quitarás de encima nunca. Este curso te evitará todo eso y te dará alas para poder elegir con  criterio los siguientes pasos a seguir en tu carrera. Per-fec-to.;Positive;Course Recommendation
Voy por la mitad del proyecto (3 meses) y éste es todo lo que yo esperaba y mucho más! Se nota la dedicación y el trabajo que hay detrás, por la manera en la que van actualizando los proyectos y el equipo detrás que está siempre contestando las dudas de los estudiantes. 10/10.;Positive;Positive Feedback
Simplemente completo, aprendi todo lo que necesitaba aprender para poder adentrarme en este mundo, incluso mucho mas de lo que pensaba. 100% recomendado;Positive;Course Recommendation
Si, gracias a los profesores que aun con el paso del tiempo  continuan activos respondiendo todo tipo de consultas!!!;Positive;Positive Feedback
Juan, sos un Genio, sigo aorendiendo cada vez mas con tus videos. Si bien ya soy programador, pero no dejo de verlos xq asi voy descubriendo nuevas metodologias. Mil Gracias por todo.;Positive;Positive Feedback
Es un excelente curso, aprendí muchas cosas nuevas y conceptos que no tenía claros, un curso ampliamente recomendado.;Positive;Course Recommendation
Me ha encantado, he avanzando mucho. Con este curso aproveché mis vacaciones y me ha facilitado en mi nuevo semestre. También gracias al contenido he comprado más cursos del mismo profesor.;Positive;Course Recommendation
muy bueno, aprendí mucho con este curso y el profesor lo máximo, fácil de entender. Es una buena inversión este curso.;Positive;Course Quality
Excelente curso, me ha servido muchisimo para implementar ciertos sistemas por mi cuenta, un gran instructor sin duda.;Positive;Instructor Quality
Excelente curso, muy completo y bien explicado. Compré otro curso del profe porque me dejo muy buenas expectativas, aprendí más que en la univseridad sinceramente:) Gracias!;Positive;Course Quality
Muy conforme con el curso, te da bastantes conocimientos para poder empezar en el mundo del desarrollo web. Bien explicado, lo unico negativo que la estar casi al limite con los videos en udemy, hay videos que fueron borrando para publicar otros.;Positive;Course Quality
Excelente curso, soy estudiante de programación  y hacer este curso en paralelo con la universidad es de gran ayuda, ademas el profesor es excelente explicando.;Positive;Course Quality
es un curso al que se le debe poner mucha atención, me ha enseñado mucho y las dudas que han surgido se aclaran en los comentarios.;Positive;Course Quality
Sin duda alguna el mejor profesor, el mejor curso y los mejores proyectos de todo Udemy, curso recomendado al 100% un curso que te hace tener un bien nivel y con buenas prácticas.;Positive;Instructor Quality
voy por la mitad del curso solo puedo decir WOW, el profe de diez, los asistentes como Julio por ejemplo otro diez, y que decir de esta comunidad tan genial. No parece un curso de videos y ya esta, es una aula. Nos Ayudamos entre nosotros y es genial. Saludos desde España;Positive;Course Engagement
Este es el curso más completo y mejor explicado que he visto sobre el desarrollo web en general. Magnífico trabajo maestro!;Positive;Course Content
Aún no lo acabé el curso, pero me está resultando de gran ayuda en mi aprendizaje. No tengo nada de nivel en programación, no sabía lo que era Visual Studio Code y ya voy por mi 4 proyecto. Es algo increíble!!;Positive;Positive Feedback
Muy contento con este curso no es el primero que compro pero si el primero referente al desarrollo web, siento que aprendi mucho gracias a la forma de enseñar del profesor y se lo recomiendo a cualquiera que quiera aprender de la mejor manera;Positive;Course Recommendation
Un curso increible, llegue sin saber nada de programacion y ahora puedo construir un aplicacion web desde 0 de forma profesional.;Positive;Course Quality
considero que el maestro te enseña de la manera más práctica sin tanta teoría, un curso para introducirse en el mundo de la programación;Positive;Instructor Quality
La verdad que es excelente el curso. Muy organizado Juan. Homogéneo en la explicación, va al punto. Brinda muchos ejemplos. Estoy muy conforme con el contenido del curso.;Positive;Positive Feedback
El curso es muy completo, la explicación clara, se actualiza constantemente. La cantidad de projectos ayuda a la prática.;Positive;Completeness of Course
Curso bastante completo, el profesor explica de manera impecable y cada vez los contenidos son más entendibles...lo único que podría decir es que el curso se debería actualizar de manera más recurrente, ya que, varias sintaxis de php cambian de manera continua en sus nuevas versiones y algunas cosas van quedando deprecadas.;Positive;Course Content
Me gustó pero hubieron secciones donde aparece mucha teoria y para mi personalmente era dificil entender los ejemplos. Avanzaba muy rapido, tenía que retroceder el video y repetirlo muchas veces. Por todo lo demás, me gustó.;Negative;Course Quality
Hasta ahora es genial, me encanta y me despertó un interés y una pasión que no sabía que tenía dentro. El profe es maravilloso y se nota que sabe, es un placer escucharlo. No siento que sea una obligación, al contrario, me gusta mucho;Positive;Instructor Quality
Un curso demasiado completo, todos los temas abarcados a fondo y con un buen soporte, me parece el mejor curso que alguien puede ver para iniciar en el desarrollo web, aprender y volverse experto. Me alegro de haberlo adquirido;Positive;Course Recommendation
La experiencia viene siendo Excelente a mitad del curso, con muchas ganas de continuar y terminarlo prontamente <3;Positive;Course Engagement
Muy gusto mucho el curso. Muy completo y excelente la explicación del profesor paso a paso. Seguramente buscaré tomar algún otro curso con el.;Positive;Course Quality
la parte de java script no es tan claro si hablas tan rapido es facil para ti no para los que tomamos el curso;Negative;Instructor Quality
Excelente curso y profesor. He adquirido más cursos del autor para sequir aprendiendo con él. Muy recomendable.;Positive;Instructor Quality
Me ha parecido un curso increíble. Yo ya sabía programar de antes pero nunca había hecho desarrollo web y siento que he aprendido un montón. Los últimos proyectos se me hicieron más repetitivos y los pasé más rápido, porque se mascan mucho algunos conceptos que si has programado antes ya conoces, por lo que se nota que está diseñado especialmente para alguien que nunca haya programado. También es verdad que ciertos conceptos si vienes de 0 te puede costar más asimilarlos, y puedes tardar más en terminar el curso, pero igualmente vale la pena. Si no sabías programar, es una gran introducción. Si tienes base pero no de desarrollo web, es una gran opción para seguir aprendiendo. 10/10;Negative;Course Content
En verdad es un muy buen curso., Yo empece desde 0 (en verdad 0 nada de conocimientos) y le he podido seguir el hilo sin problema, he  avanzado mucho;Positive;Course Quality
Es perfecto aprender mientras realizas proyectos reales, es más fácil darte una idea de cómo funciona lo que estás haciendo en código;Positive;Practical Projects
Es el mejor curso de desarrollo web, esta muy completo, los temas son progresivos y estan orientados para gente que empieza desde 0 hasta para los que ya estan familiarizados con los lenguajes y la programación;Positive;Course Quality
El curso es excelente y los proyectos aplican lo que se aprende en cada sección es un curso muy practico y completo;Positive;Course Quality
Este curso es increíblemente completo, explicaciones claras y paso a paso, ideal para aprender desde cero, muy recomendado para empezar en el mundo del desarrollo web.;Positive;Course Content
"Me parece un muy buen curso por la forma en la que enseña, no es el típico que hablan y hablan; Todo es aprendiendo mientras haces proyectos, vale totalmente la pena.";Positive;Course Quality
Buen curso por el momento ya que no se pierde ningún detalle de lo que va a haciendo y su voz es agradable, es decir, te mantiene atento en todo momento.;Positive;Instructor Quality
Es un buen curso, Te enseña desde 0 todos los temas, Se va actualizando el curso e igualmente contestan todas tus dudas en los comentarios. Vale la pena comprarlo, Se los recomiendo.;Positive;Course Recommendation
Es un curso excelente apto para cualquier persona que busca iniciar programación en html y diseño web sin necesidad de conocimiento previo en el tema y también muy útil si ya cuentas con algo de experiencia (mi caso) por que puedes complementar muy bien tus conocimientos. Todo el curso está bien actualizado con la UI/UX que se requiere actualmente.;Positive;Course Quality
Aun me queda bastante curso por realizar pero por el momento es la primera vez en mi vida, de todas las que he intentado aprender a programar, que el curso me ha enganchado, y estoy aprendiendo muchisimo, el profesor es genial porque explica todo con tranquilidad. Una de las cosas que ha enganchado tambien es cuando te da animos para continuar auqnue las cosas se pongan dificiles, aprender a programar requiere su tiempo y su perseverancia y es muy facil tirar la toalla sobre todo al principio que todo lo ves  #000000;Positive;Course Engagement
Muy buen Profesor, todos los temas bien explicados y orientados a las buenas prácticas, los ejercicios ayudan a establecer un portafolio y ganar experiencia no solo teórica si no practica.;Positive;Instructor Quality
Excelente curso, muy completo, muy practico y muy bien explicado, seguire eligiendo al profesor en el futuro para realizar mis cursos de React y NodeJs que tengo en mis planes;Positive;Course Recommendation
Mis expectativas para el curso eran buenas, pero fueron aún mejores mientras iba avanzando en el curso, lo recomiendo al 100 x 100. Aprender con proyectos es la mejor manera de aprender !!;Positive;Course Recommendation
muy claro el curso explicado paso a paso de lo mas simple a lo mas complejo recomendadisimo a los que desean empezar con el desarrollo web;Positive;Course Recommendation
En lo personal considero que si fue buena elección, actualmente estudio ingeniería en software y esto me ayuda mucho a no solo quedarme con lo que me enseñan en la universidad, me gusta como se está llevando el curso.;Positive;Course Quality
Muy completo, explicativo y para mayor efectividad recomiendo ir realizando la practica en una pantalla adicional así puedes ir creando notas sobre el mismo codigo sobre lo visto.;Positive;Course Recommendation
Excelente explicación de Juan. Paso a paso, proyecto a proyecto. Creo que voy a optar por tomar otro curso más adelante de este profe de programación.;Positive;Instructor Quality
No lo he terminado aún pero por ahora me está pareciendo un curso fantástico. Todo superclaro a la hora de explicar los conceptos y muy práctico.;Positive;Positive Feedback
Es un buen curso y el primero que recibo de udemy he aprendido bastante, aun no lo termino, lo unico que algunas partes estan desactualizadas pero por el momento no ha influido ya que los profesores asistentes siempre despejan nuestras dudas.;Positive;Course Quality
Uno de los mejores profesores en español, sus cursos son entendibles, con muchas prácticas que te puedes encontrar en un trabajo real.;Positive;Instructor Quality
Me encanto, facil de entender e impolsa la investigacion autodidacta ya que te motiva a segui aprendiendo, ahora a por los demas gracias profe;Positive;Positive Feedback
Bueno, estoy por el comienzo. Lo recomiendo para alguien quien tiene una base usando html/css y quiere aplicar. Pero a las personas que estan en cero, diria que se mejor no. Es mi opinión;Positive;Course Recommendation
Tiene una introducción bastante robusta del contenido del curso, quizás algo larga, pero es precisamente la razón por la que me enlisté al mismo.;Positive;Course Content
Hasta el momento fue una excelente opción, pero una vez avance mas en el curso daré mi opinión de manera mas explayada.;Positive;Course Quality
El profesor tiene mucha pasion, experiencia y profesionalismo, lo mejor del curso es que recibi demasiada retroalimentacion a todas mis preguntas por mas absurdas que sean, un 10, saludos desde Bolivia.;Positive;Instructor Quality
Buen curso. Super completo. Tiene de todo. Y el profesor y sus profesores asistentes responden a todas las posibles dudas que puedas tener. Estoy seguro de que lo iré consultando en el futuro según lo vaya necesitando en mis proyectos.;Positive;Course Recommendation
Explica muy bien, y hace que parezca fácil ( para mi me resulta complicado en general), y hace que resulte mas interesante y se aprenda mucho! merece la pena con creces;Positive;Positive Feedback
Intento seguir al pie de la letra de lo que va diciendo, pero en algunos detalles falta un poco mas de explicación o énfasis en el asunto. Sobre todo en la parte del formulario, es entendible pero frustrante al ir arriba y abajo para poder ordenar.;Negative;Course Quality
Me ha gustado mucho, siento que se esfuerza en hacerlo lo más claro que puede cada lección y creo que más sencillo no lo encontraría, me estoy tomando mi tiempo en escuchar y aprender.;Positive;Positive Feedback
Me gusto el curso, porque aprendi a crear sitios web en php con modelo vista controlador y sass, en la cual tengo la posibilidad de realizar mis desarrollos mas rapido. Con respecto al meterial muy completo y bien explicado.;Positive;Course Content
me a gustado muchos los videos, soy una persona que esta aprendiendo desde cero y sin tener algún conocimiento de programación, pero si he aprendido y entendido;Positive;Positive Feedback
me encanta el curso, es muy detallado y hace que se entienda todo claramente, solo siento que en el teléfono se ve un poco pequeño el contenido en especial los textos mostrados, si el usuario pudiera hacer un pequeño acercamiento manual en la app creo que podría mejorar esa parte de la experiencia.;Positive;Course Content
"Casi me siento un estafador por haber pagado menos de 10 dólares por un curso tan completo y en el que resuelven tus dudas de forma tan dedicada. Cuando inicié era un novato que no tenía idea de que existieran la mitad de las tecnologías que vimos en el curso, ahora que lo terminé me siento bastante competente. Juan es un excelente maestro que procura no dejar cabos sueltos en su enseñanza. Creo que si Udemy no tuviera límite de videos hubiera metido más y más contenido XD. Muchas gracias por esta grandiosa experiencia; para mi este curso es una labor social :)";Positive;Positive Feedback
El curso está muy completo, excelente instructor es como si estuviera recibiendo la clase en vivo y no deja dudas de ningún detalle ha pensado en las inquitudes que se puede generar y las aclara de ante mano.;Positive;Positive Feedback
Es un buen curso, muy bien explicado, y lo mejor es que aprendes sobre las buenas prácticas lo cual ayuda bastante cuando vas empezando.;Positive;Course Quality
Aun en progreso del curso, pero debo decir que ese es un excelente curso y un profesor que explica muy bien los detalles de los proyectos y la teoria.;Positive;Instructor Quality
Siempre pense que escribir código era solo para eruditos e intelectuales, siempre quienes codeaban me hacian ver que esto era lo más complejo del mundo, pero este curso me enseño todo lo contrario. Muchas gracias por dar una herramientas para que todos podamos aprender profesor;Positive;Course Quality
Las explicaciones son muy claras y consigue que lo entienda todo. Viniendo desde cero consigue que me encante todo lo que aprendo.;Positive;Positive Feedback
Empieza muy bien el curso, pero llega un momento en que no sabes si seguir la instrucciones o no, porque luego las borra o dice esto lo vemos mas adelante, etc. Sabe de lo que habla pero al momento de querer trasmitirlo le falta mucho en eso ámbito.;Negative;Instructor Quality
Realmente cuenta con mucha experiencia en el ámbito de desarrollo el instructor y permite informar apropiadamente de cada tema que aborda en su curso.;Positive;Instructor Quality
Este curso supero mis expectativas, recomendado al 100%, pronto seguiré con otros cursos del mismo autor, explica muy bien y se le entiende muy bien y más si estas empezando desde 0.;Positive;Course Recommendation
Me ha gustado mucho el curso, me ha parecido completo y fácil de entender. Me habría gustado profundizar un poco más en la última parte donde se ven los gráficos.;Positive;Course Content
estoy estudiando una tecnica de analisis y desarrolo de software pero todo lo que he visto hasta ahora ha sido demasiado completo para mi. estoy muy emocionado;Positive;Course Content
Hola. Definitivamente estoy muy contento y agradecido por este maravilloso curso. Es muy completo y el Profesor Juan de La Torre de verdad explica muy bien y se preocupa por profundizar en la Lógica y enseñarnos las buenas Prácticas. He recomendado bastante este curso. Mis dos hijos adolescentes (13 y 15 años) lo están haciendo. yo le doy 10 estrellas...;Positive;Positive Feedback
El curso estaba bien pero te obliga a realizar todos los proyectos con SASS y GULP y son constantes los errores al momento de instalar o ejecutar ambos por lo tanto si te entrampaste en la instalación por los errores de SASS y GULP , el resto del curso se vuelve inutil por que te obliga  usar SASS en todo lo que sigue y no puedes avanzar;Negative;Course Quality
Hasta ahora voy en la clase 150 y me ha parecido super bien, me encanta como explica todo detalladamente, Ademas de que hace siempre escribir el codigo en practicas y proyectos reales.;Positive;Instructor Quality
Los videos estan bien y bien explicados. Pero si tienes una duda tardan mucho en contestar y si bien te contestan recibes respuestas random. Muchas veces las soluciones que te dan no tienen nada que ver con lo que dicen en los videos y ni si quiera funcionan.;Negative;Instructor Quality
"Me esta resultando muy util, y como seguramente muchos dicen: ""aprendo mas en un video de ustedes que en mi propia universidad"", y es literal, gracias por su esfuerzo y su tiempo de ayudarnos no solo a estudiantes como yo, sino a todos en general, y ver que la programación no es tan difícil como parece. Gracias otra vez.";Positive;Positive Feedback
Ya he finalizado el primer proyecto y la verdad he entendido muy bien todo, display flex, padding, margin etc todo eso se me dificultaba y ahora lo se manejar un poco mas. Aun quedan algunas dudas pero las iré aclarando poco a poco.;Positive;Course Progress
me esta gustando todo lo que ofrece el curso estoy recien en este mundo y tengo algunos conocimientos de html css y base de datos en sql server;Positive;Course Content
Para empezar recomiendo haber hecho un curso de fundamentos de la programacion, sabiendo de que se habla puedes hacer el proyecto de forma facil y sencilla, El profesor explica muy bien, muy recomendado el curso.;Positive;Course Recommendation
Si, interesante el contenido que deja ganas de seguir estudiando los temas para aprender dias tras dia con mucha dedicacion y concentracion...;Positive;Positive Feedback
Considero que fue muy buena eleccion, el profesor explica de manera clara y directa, lo que hace que el aprendizaje sea mas rapido y sencillo;Positive;Instructor Quality
Una manera muy organizada de crear proyectos, de explicar cada cosa que hace, es de los mejores cursos que puede haber con respecto a la programación web.;Positive;Course Quality
Aún no lo he terminado, pero llevo ya muchas clases y la verdad, mejor increíble, todo bien explicado y bien relacionado. Simplemente, de los mejores;Positive;Positive Feedback
Me gusta como está estructurado el curso en la aplicación móvil, las clases son muy buenas y enriquecidas con los recursos para el adecuado aprendizaje.;Positive;Course Structure
Me parece excelente como explica las bases, hasta ahora estoy en html y me parece perfecto el curso, adecuado para estudiantes universitarios. Incluso explica mejor que en la universidad y se toma el tiempo para describir de la mejor manera posible el concepto, etiqueta etc que se esta usando en el video;Positive;Instructor Quality
si, ya quiero desarrollar un proyecto para facturacion pero quiero conocer acerta de html y css y voy por buen camino;Positive;Course Content
Curso muy completo. Todo muy bien explicado y la atención al cliente de los profesores cuando pones alguna pregunta esta super bien también , tardaron menos de 24 h en contestarme.;Positive;Course Quality
me encanta el curso es muy bueno puedes hacerlo cuando tengas tiempo y seguir desde el video donde te quedaste lo recomiendo a todos;Positive;Course Recommendation
Es un buen curso con mucho contenido del que se puede aprender bastante sobre el desarrollo web. El único tal ves defecto es que no se detiene a profundizar mucho en cada aspecto, aún así vale mucho la pena.;Positive;Course Content
Desde que comencé esté curso siempre me ha motivado a seguir adelante (los temas son muy interesante, la explicación es muy clara y con buenos ejemplos).;Positive;Positive Feedback
Excelente curso. Me gusta que vamos aplicando lo que vamos aprendiendo en ejercicios reales y así nos damos cuenta para qué es cada cosa de una manera más didáctica.;Positive;Course Quality
Excelete, un ritmo perfecto, se aprenden buenos tips y consejos, siempre enfocado ala vida cotiana como la conocemos;Positive;Positive Feedback
Es un buen curso, considero que la técnica de enseña es adecuada, resulta más sencillo lograr entender y visualizar los conceptos a través de los proyectos. Sin embargo igual considero que desde un inicio deberían de enseñarse buenas prácticas en vez de comenzar con código espagueti y después irlo adaptando a las buenas prácticas ya que al menos para mí resulta en perdida de tiempo.;Positive;Course Content
Todavía lo estoy empezando, pero me gusta la idea de poder acabar con unos cuántos proyectos que yo mismo pueda enseñar en mi curriculum;Positive;Practical Projects
Por el momento el curso muestra una explicación fácil de comprender paso a paso mientras vamos creando el proyecto, creo que por el momento hice una buen inversión, muchas gracias;Positive;Positive Feedback
Excelente eleccion, estoy aprendiendo desde cero, algunas cosas las hace por inercia y las pasa algo rapido, pero la ventaja de rebobinar las veces que necesite me ayuda a comprender los pasos.;Positive;Learning Experience
En verdad el curso esta muy bueno, he aprendido demasiado y el instructor que da el curso es muy bueno, explica las cosas muy bien y con el área de preguntas te ayudan muy rápido para que sigas tu aprendizaje. 10/10 ?;Positive;Positive Feedback
Excelente, ya tenia experiencia en programacion, pero estos cursos te ayudan a tener un conocimiento mas completo a fuerza de practica, explicaciòn, y aplicaciones del mundo real;Positive;Course Quality
Se nota que es un aprendizaje ligero y completo, solo estaría bien un video introductorio sobre los proyectos finales e iniciales que siento que no esta en orden.;Positive;Course Structure
A diferencia de otros cursos realizados en esta misma web, este ponente tiene una metodología excelente, explicando todo despacio y progresivamente, lo cual es de agradecer. Racalcar que hasta el momento tampoco he tenido problemas de audio que con otros si he tenido. en general muy contento tanto con la materia como con el profesor, seguramente repita.;Positive;Instructor Quality
Curso muy bien explicado paso a paso. Se hace muy ameno por ser tan práctico, al mismo tiempo que tienes la satisfacción de ir viendo avanzar tus proyectos con cada vídeo. Decidí realizar el curso para actualizarme, pues hace mucho tiempo que no programo webs y la verdad que aparte de recordar lo olvidado estoy aprendiendo a realizar los proyectos de forma más profesional.;Positive;Positive Feedback
El curso se ve muy completo y me esta gustando como es que esta explicando la información y me ilusiona demasiado viendo todo lo que voy a poder llegar a hacer al final del curso;Positive;Course Content
Me encanta este curso, me gusta como explica el profesor, la manera de llevar todo lo explicado a aplicaciones reales es como de verdad se aprende, tuve un curso de 18 meses de desarrollo web, y no se compara con lo que que he aprendido en este en 3 semana que lo he estado viendo.;Positive;Course Quality
Hasta ahora ha sido una exelente experiencia, me gusta el metodo de enseñanza que es practico y desde los fundamentos, me gusta la comunidad y lo facil que es buscar soluciones a los problemas que se presentan ya que hay una gran atencion a las dudas del estudiante;Positive;Positive Feedback
Excelente profesor, excelente curso y excelentes también los profesores asistentes. Todo bien explicado, interactivo... un 20 sobre 10!;Positive;Instructor Quality
La explicación es simple y se entiende a la perfección. Me parece genial las recomendaciones que da el profesional. Gracias;Positive;Positive Feedback
"Tiene buena presentacion de los proyectos; espero que sean asi los demas videos; es decir didacticos completamente";Positive;Positive Feedback
Los contenidos del curso son suficientes, pero la metodología no. Aunque se escriba el código a la par, nunca se profundiza en los conceptos y por tanto quedan muchos vacios. Puede que salgan los resultados porque se copia un codigo correcto, pero al final realmente es muy poco lo aprendido, insuficiente. (Problemas de practica ayudarian mucho, solo un consejo para el futuro);Negative;Course Content
excelente curso y sobre todo al momento de pedir ayuda los asesores super amables y claros al momento de explicar;Positive;Positive Feedback
Muy buena, estoy empezando desde cero y bueno tengo muchas expectativas y ganas de aprender y poder conseguir empleo en este mundo tan maravilloso de la tecnología.;Positive;Course Expectations
Un curso muy completo y con una excelente explicación detallada de absolutamente todo lo que se necesita saber sobre el desarrollo Web.;Positive;Course Content
hago programacion web hace tiempo, pero queria profesionalizarme y entre a este curso que veo que esta bastante completo. Hasta ahora esta muy bien explicado y organizado;Positive;Course Content
Me ha gustado, me parece digerible y amable, tanto que no me di cuenta cuando inicie el curso.  Por supuesto se que es la introducción y espero lo mejor. Gracias.;Positive;Course Engagement
La explicación y/o presentación del proyecto final estuvo completa en los componentes que se van a cubrir en curso. Me llamo la atención y por eso me registre.;Positive;Course Content
Muy buena eleccion. El maestro es muy bueno anticipandose a las dudas que podamos tener los aprendices, y explica de una manera clara y detallada, y no nos da terminos muy tecnicos. Me encanta su manera de enseñar.;Positive;Instructor Quality
it was a nice match for me because i look forward making a lot of money with it, i got a good feel to it, furthermore the practive makes perfection and it is much like when you work on something that you wanted to wrap up since a long time ago so i could fill myself with the needed skill for the dreamt  and profitable job.;Positive;Course Content
Fue una muy buena representación de los logros finales que como alumno haremos, pero con alguien con cero experiencia podría resultar un poco abrumador al ver varias funciones.;Positive;Course Content
Hasta el momento, lo explica todo bien, es entendible, a veces sientes que no entiendes y que no estas aprendiendo nada, pero en realidad si sirve, solo dale tiempo;Positive;Course Quality
El profesor Tiene un gran conocimiento, de alguno de lusu asistentes lo dudo, no he sido capaz de terminarlo, por que debido a las actualizaciones del lenguaje el curso esta obsoleto al igual que los conocimientos de algun profesor asistente.;Negative;Instructor Quality
Fue una excelente eleccion , es mas de lo que me esperaba.. estoy pisando el modulo de js.. me encanta es muy interesante, lastima que me  cuenta mucho la sintaxis.. pero se entiende bastante bien , el profe es muy didactico!! excelente hasta el momento, sigo aprendiendo !!;Positive;Course Quality
Todo bién, pero la vdd me gustaría que sea más extrovertido a la hora d ehablar, la vdd es que estaría bién una introducción más concisa para gente nueva;Negative;Instructor Quality
me gustaria poder hacerle zoom al video como en youtube para poder apreciar mejor los detalles, pero aún así me gusta mucho esta app.;Positive;None
Muy bien explicados los módulos, la verdad que siendo mi primera vez comprando este curso en la pagina Udemy me deja una muy buena impresión del nivel de enseñanza que tienen.;Positive;Positive Feedback
Las explicaciones son tan detallas que ayuda bastante si tu conocimiento era nulo antes de iniciar el curso. Se agradece el nivel de detalle del curso y que el curso sea 100% práctico hace que aprendas de una manera más fácil y rápida. Lo recomiendo ampliamente.;Positive;Course Quality
Siento que la manera en la que se narra el video es bastante centrada y explicativa, incluso reconfortante de cierta manera.;Positive;Instructor Quality
simplemente facinante la temática,  los proyectos de grado se ven  de muy buena  calidad , es muy fluido al momento de explicar;Positive;Course Quality
Soy una usuaria que no tiene nada de conocimientos. (Soy profesora de inglés) Hasta el  momento me he familiarizado bien con los conceptos. La articulación y graduación de los contenidos me parece muy amigable.;Positive;Course Content
La verdad promete aprendizaje, claro está, desde que pongamos de nuestro empeño, genera confianza y ganas de aprender.;Positive;None
Excelente eso de ir aprendiendo y practicando al mismo tiempo me gusto demaciado. si hay informacion y algo que leer pero es mas practica y creando proyectos lo que me esta funcionando para aprender.;Positive;Learning Experience
Agrega demasiados ejemplos negativos, por ejemplo para que me entiendas. podrias decir miles de cosas que no son un lapiz y nunca acabarias, deberías ir directo al tema, el lápiz es esto tiene punta, goma de borrar y es de madera.;Negative;None
El profesor no tiene autocritica, si das tu opinión del curso te expone en su grupo de FB burlándote de tí, no les recomiendo tomar un curso de una persona que cree que una opinión es la verdad absoluta.;Negative;Instructor Quality
Voy caminando, al paso adecuado, sin correr, para asimilar y practicar, por los consejos y la brillante manera de explicar, excelente.;Positive;Positive Feedback
Algunas cosas no me funciona si comparte el código fuente en GitHub sería mucho mejor y también trabajar con windows;None;None
Es un curso qué al principio tiene una explicación sencilla y clara de como tomar el curso, además de algunas recomendaciones.;Positive;Course Structure
Con el poco porcentaje que llevó, pero sinceramente vi los temas y algunos vides y sin duda es uno de los mejores cursos completos que he comprando, solo necesitan paciencia porque son muchos temas que tienes que poner en práctica, pero aparte de enseñarte a crear paginas web de cero sin framework y luego php, es como wow, %100 recomendado y felicidades al instructor :D;Positive;Course Quality
Es un curso donde solo con la introducción de lo que será el proyecto final se evidencia que va a ser de gran desarrollo para adquirir o repasar conocimientos entorno al desarrollo web.;Positive;Course Content
porque esta muy fácil de entender, la verdad es que había tomado varios cursos y me costaba mucho seguirles el ritmo, y hasta ahorita todo de maravilla y es concisa la información y suuuper practica por que veo tangible lo que aprendo y como avanzo de manera real, muy bien, me encanta esta forma de enseñar, sigue así...gracias.;Positive;Positive Feedback
Promete mucho. Con este video introductorio me dieron más ganas de aprender y a su tiempo poder lograr algo como lo presentado anteriormente.;Positive;Course Recommendation
Hasta ahora, es maravilloso. Explicación clara, alta calidad de video y audio! Se detiene a explicar los conceptos de una manera intuitiva. Más que recomendado;Positive;Positive Feedback
Muy bien explicado, hace que te sientas como en una clase real, mas que anda para los que nos gusta estos temas nos hico ver como si fuera una simple platica;Positive;Course Quality
es una excelente elección, ya que esta muy bien explicado y te enseña las posibles opciones de programación para que puedas enfocarte a la que mas te guste.;Positive;Course Quality
Me está gustando bastante como clarifica las funciones y las tecnologías específicas de cada área del desarrollo.;Positive;Course Content
Al inicio no estaba entendiendo nada de lo que estaba viendo, pero ya luego fui viendo y entendiendo que este es una demostración de los proyectos futuros del curso.;Positive;Course Content
yo ya sabia css un poco pero gracias a este curso algunos conceptos me quedaron mas claros todavia y ya se en que otras situaciones usar los elementos;Positive;Course Content
Es un curso bastante completo, cuenta con todo lo que necesito para probar mis habilidades y adquirir el conocimiento que quiero para poder desempeñarme como desarrollador.;Positive;Completeness of Course
Maneja la información entendible en todo momento aún para los que no tenemos conocimiento especializado en el desarrollo web;Positive;Web Development
Excelente curso, lo recomiendo mucho, tiene lo necesario para que te acepten en el mundo laboral. Solo mucha práctica y ganas de aprender;Positive;Course Recommendation
Me parece Excelente y me encanta la tecnologia, no me fatiga me da mas ganas en la medida e que avanzo en el conocimiento, tengo dos sitios web creados por un hijo que estudia ingenieria de sistemas, pero la pagina no me gusta quiero poder inventar mi propia pagina, enfocarme en esas dos paginas y trabajar en ellas, mas adelante les cuento mi historia en el mundo de la tecnologia y Gracias a Ustedes que son buenos profesores en el campo del diseño web, estoy preparado y tengo tiempo disponible para dedicarle 4 horas diarias a este curso, si tengo que repetir un video lo repito lo importante es aprender y para mi siendo un Dermatologo y haciendo la Teledermatologia o consulta en linea que fue mi una de mis tantas ideas que he regalado, llego el momento de dedicarme a mi profesion desde el celular al celular www.julionaarchar.com Y www.fubale.org son dos dominios que tengo que quiero hacerlos full programados yo mismo asi que enseñenme que soy una inteligencia Humana, tengo 68 años de edad y me distraigo aprendiendo.;Positive;Course Recommendation
Llevo poco tiempo en el curso, pero hasta ahora está siendo una buena experiencia de aprendizaje. Muy bien explicado por parte de Juan.. espero seguir enganchado.;Positive;Course Quality
mas allá de la elocuencia con la que se imparte el curso, te explica paso a paso mediante la practica el para que sirve cada elemento utilizado en el código, teniendo así una mejor recepción de la información que se esta entregando al estudiante. personalmente no tengo conocimientos previos del tema sin embargo entiendo perfectamente las clases;Positive;Course Quality
Me parece que voy aprender mucho, justo lo que necesito para mejorar en mi puesto de trabajo, se escucha muy bieny es muy claro en la explicacion;Positive;Course Recommendation
porque la persona se toma el tiempo y paciencia para explicar de una manera concisa, clara, ligera y a la ves detallada los paso a pasos para la realización del proyecto.;Positive;Instructor Quality
Bastante bien explicado, son proyectos reales donde tus limites eres tu mismo y ademas consigues experencia de todos los lenguajes.;Positive;Positive Feedback
Muy claras las explicaciones, ya tengo conocimientos de desarrollo pero siempre se puede aprender más y rescato muchos recursos de este curso de momento.;Positive;Positive Feedback
Un curso muy bien organizado, con una forma clara de explicar y demasiado practico, lo que permite que uno pueda comprender facilmente y aprender a traves de la practica y proyectos;Positive;Course Quality
Apenas estoy empezando, considero que Juan la persona que imparte el curso es generoso con el conocimiento y honesto desde su experiencia, y la comparte para que podamos entender de que se tratan las funciones de un Desarrollador web, así nos prepara para un futuro en esta carrera y los que elegimos encaminarnos en ella, se hace entender muy bien a mi parecer, y aunque aún no he empezado con el material propio del curso, puedo ver que las clases serán muy claras, y preciso en el conocimiento que trasmite;Positive;Instructor Quality
Se habla mucho más de lo que aprenderás  que lo que te enseñan en realidad,  SERÍA MEJOR ENSEÑAR Y EXPLICAR CÓMO HACER Y CREAR QUE HABLAR DE LO AUE SE APRENDERÁS A FUTURO !;Negative;None
Ha sido una muy buena elección, estoy completamente de acuerdo con el prof. de que es mejor aprender practicando en vez de solo ver teoría y la historia.;Positive;Course Quality
Enseña desde lo basico hasta lo mas complejo, un muy buen curso si quieres que te guien desde 0 para aprender sobre el desarrollo web, lo rercomiendo;Positive;Course Recommendation
No explica al 100% el uso de la herramienta VSCode, aunque viene en la descripción de la extensión, me parece importante mencionarlo en el curso, ya que alguien nuevo en la programación podría perderse.;Negative;Course Content
Tengo muchas expectativas con el curso, la verdad deseo que las cumpla. El tutor parece ser que tiene amplio conocimiento y experiencia en la información y datos que maneja. Igual es el primer video, con el paso del tiempo lo calificaré nuevamente.;Positive;Course Expectations
cero experiencia, con ganas de aprender algo nuevo, hasta ahora supero mis expectativas, espero que siga así y pueda aprender una profesión nueva;Positive;Course Expectations
Fue buena eleccion la forma de explicar metodica y simple paso por paso ayuda muchisimo a comprender finalmente todo;Positive;Instructor Quality
Me gusta mucho la idea de poder lograr realizar grandes proyectos. Me apasiona el mundo de la creatividad y creo que puedo aprender bastante.;Positive;Course Content
Si estoy muy interesada, en adquirir conocimientos y ponerlos en practica ..así poder competir en el mercado laboral con este curso como herramienta;Positive;Course Recommendation
Supeeeeeeeeeeer!!!, Ya tengo ganas de empezar a aprender y poder desarrollar estos proyectos tan elaborados, que emoción :D;Positive;Course Engagement
Estuve buscando un curso con el cual aprender lo que no pude en la universidad ya que el profesor que me tocó no fue lo que esperaba y un amigo me recomendó este curso porque el aprendió también por su cuenta estudiando, así que allí voy.;Positive;Course Recommendation
Me gusta la parte en la que el docente de toma el tiempo de explicar los fundamentos y dar concejos para tomar bien el curso. En mi perspectiva, eso habla de experiencia, saludos.;Positive;Instructor Quality
Excelente el hecho que se enseñe por medio de proyectos, es mi forma favorita de aprender y las explicaciones son excelentes.;Positive;Positive Feedback
El curso esta estructurado y el creador se preocupa porque el estudiante tenga una experiencia de aprendizaje completa;Positive;Course Structure
El curso se centró exclusivamente en lo básico, repasando conceptos que ya eran familiares para mí. Aunque al principio tenía esperanzas de que profundizaríamos en técnicas más avanzadas y desafiantes, me encontré rápidamente aburrido y sin ninguna oportunidad de aprender algo nuevo.;Negative;Course Content
Por el momento se que aprende mucho pero lo unico que podría decir es que inicio explicando el proyecto pero sin contexto de nada, esperaba una pequeña presentación de la persona y eso me confundió un poco porque pense que me había saltado una clase o algo por estilo.;Negative;Course Structure
En ciertos momentos ciento que  hace cambios en el codigo muy rapido y cambia de pestaña, quisiera que fuera un poco mas despacion cuando hace cambios en el codigo;Negative;Course Quality
Es mi primera vez haciendo este curso y en general haciendo cursos en udemy este es el primer curso que tomare en esta plataforma, no soy un experto en programacion web y quiero aprender y este curso suena super bien y super completo, muchas al creador.;Positive;Course Recommendation
Muy buen curso, como todos sus cursos, bien explicado y con la suficiente práctica para afianzar los conocimientos.;Positive;Course Quality
Porque el audio es claro y la manera en que empieza el curso es bien centrada a lo que uno quiere escuchar. Menos charla mas acción, asi es este curso.;Positive;Instructor Quality
Me entusiasma bastante todo lo que voy a poder a aprender, gracias a este demo del curso despeje mis dudas y ahora veo que si es muy completo.;Positive;Course Content
considero que es muy buen proyecto y que me ayudara mucho para desarrollar futuras aplicaciones web con pasarelas de pago;Positive;Web Development
