Content,Url,Date,,Consumer Sentiment Classifier,Automatic Classifier
"Azienda Seria Veloce e con ottima assistenza whatsapp,prezzi convenienti.",https://www.trustpilot.com/reviews/65c1047fcddf3b960bbdb9e1,2024-02-05T17:53:36.0000000Z,,Positive,Great Service
"Fornitore puntuale, affidabile, prezzi competitivi e prodotto di qualit√†.Torneremo sicuramente a comprare da questo fornitore.",https://www.trustpilot.com/reviews/65c227562da9ba03d97618c0,2024-02-06T14:34:30.0000000Z,,Positive,Satisfying Transaction
"Dopo diversi ordini , confermo che Businesscaffe ha sempre operato con massima velocit√† e precisione nelle consegne della merce ordinata.5 stelle anche per i prezzi che sono i pi√π bassi sul mercato.",https://www.trustpilot.com/reviews/65a6575988f5a360c74b47d0,2024-01-16T12:15:54.0000000Z,,Positive,Fast Shipping
Prezzi buoni spedizione veloceFinalmente ho trovato il caff√® che fa per me,https://www.trustpilot.com/reviews/65be03c957d7ee027f0f27e1,2024-02-03T11:13:46.0000000Z,,Positive,Competitive Prices
"Ormai da anni mi servo da questo venditore e devo dire che tutto va benissimo dall' ordine alla consegna.Ampia gamma di prodotti tutti eccezionali,qui trovi il miglior caff√® secondo le mie esigenze",https://www.trustpilot.com/reviews/659125954e99e407ed7b55a4,2023-12-31T10:25:58.0000000Z,,Positive,Satisfying Transaction
Sono rimasto particolarmente sorpreso per la celerit√† dell'evasione dell'ordine .. e dell'accuratezza del confezionamento del pacco .. consigliatissimo,https://www.trustpilot.com/reviews/65bcd51fe5038f561f901370,2024-02-02T13:42:23.0000000Z,,Positive,Fast Shipping
Spedizione rapida e prodotto conforme alla descrizione. Finalmente ho trovato dove comprare il mio caff√® preferito online al prezzo pi√π basso delle varie offerte nei supermercati.,https://www.trustpilot.com/reviews/656edef5bb940c5dd5fd8219,2023-12-05T10:27:33.0000000Z,,Positive,Satisfactory Purchase
Ordino da qualche anno x me e i miei genitori. Cialde/capsule borbone. Ottimo venditore con prezzi tra i pi√π bassi e qualit√† eccellente  trasporto veloce e sicuro. Top grazie,https://www.trustpilot.com/reviews/6592a678ccb2d8e07c052474,2024-01-01T13:48:09.0000000Z,,Positive,Good Quality
"Business caff√® √® diventato ormai il mio fornitore ufficiale di cialde Borbone neroI prezzi sono molto competitivi, i migliori del webLe cialde sono originali, perfette.Si paga con PayPal e solitamente tutto arriva in due giorni.Che dire‚Ä¶ Servizio perfetto.",https://www.trustpilot.com/reviews/6543a3633a86a350b643c685,2023-11-02T15:25:55.0000000Z,,Positive,N/A
"Buongiorno a tutti.Acquisto diverse cose, onlinee so quanto tempo occorre per l'arrivo dell'ordine.Con Voi ho ottenuto il prodotto con il minore tempo possibile, 24 ore.Complimenti, continuate cos√¨, Buon Lavoro.",https://www.trustpilot.com/reviews/65215d40e70999e712c72081,2023-10-07T15:29:36.0000000Z,,Positive,Fast Shipping
Oggetto spedito all'indirizzo di casa anzich√® a quello indicato come indirizzo di spedizione.Il Pacco √® rimasto tutto il giorno fuori ed √® anche piovuto. Fortunatamente per voi poco da non bagnare il contenuto.,https://www.trustpilot.com/reviews/64d9ffd7576bda110cbb50f7,2023-08-14T12:20:07.0000000Z,,Negative,None
"Ho acquistato le capsule compatibili nespresso, caff√® Della Reggia, e Lollo caff√®. Devo dire che sono veramente soddisfatto, la compatibilit√† √® perfetta il gusto lo trovato davvero buono. Come al solito spedizione veloce e prezzo ottimo.",https://www.trustpilot.com/reviews/64a51ddecb8cf48aaab71f13,2023-07-05T09:38:06.0000000Z,,Positive,Satisfactory Purchase
"Se sei alla ricerca di un rivenditore affidabile per le tue capsule di caff√®, ti consiglio di dare un'occhiata a questo negozio online. Ho avuto l'opportunit√† di acquistare diverse confezioni di capsule da loro e sono rimasto molto soddisfatto del servizio offerto.Innanzitutto, il sito web √® molto facile da navigare e trovare ci√≤ che si sta cercando √® un gioco da ragazzi. Inoltre, la variet√† di capsule disponibili √® eccezionale, con molte opzioni tra cui scegliere per soddisfare i gusti di tutti.La spedizione √® stata veloce e le capsule sono arrivate in perfette condizioni. Inoltre, i prezzi sono molto competitivi rispetto ad altri rivenditori online.Infine, il servizio clienti √® stato davvero eccellente. Ho avuto un piccolo problema con una delle confezioni di capsule che ho acquistato e il team di supporto √® stato rapido nel rispondere alle mie domande e risolvere il problema.In sintesi, se sei alla ricerca di un rivenditore affidabile per le tue capsule di caff√®, ti consiglio vivamente questo negozio online.",https://www.trustpilot.com/reviews/6507d008a593c409bb3a2d97,2023-09-18T06:20:24.0000000Z,,Positive,Wide Product Range
"Azienda seria, professionale e rapida nella spedizione delle merci. Ho acquistato diverse volte un numero consistente di capsule caff√® Borbone red compatibili Lavazza A Modo Mio e ho riscontrato la qualit√† cercata. Consigliatissimo!",https://www.trustpilot.com/reviews/649d7f522255a7b62064addb,2023-06-29T14:55:47.0000000Z,,Positive,Good Quality
Servizio clienti a dir poco magnifico Ho avuto un problema con il corriere e non riuscendo a risolvere il problema da sola ho mandato una email al servizio clienti e loro in un battibaleno mi hanno risolto il problema... personale gentilissimo e consegna super veloce...acquister√≤ ancora,https://www.trustpilot.com/reviews/64943c4fdaf69b5a16843e63,2023-06-22T14:19:27.0000000Z,,Positive,Great Service
buon fornitore. ampia scelta prodotti a prezzi concorrenziali. consegna veloce e con imballo adeguato. ottimo il servizio clienti. finalmente qualcuno che risponde al secondo squillo.,https://www.trustpilot.com/reviews/64774dd2c4234462866d5dfd,2023-05-31T15:38:27.0000000Z,,Positive,Satisfying Transaction
"Sono cliente Businesscaffe da un po‚Äô di tempo e non ho nessun motivo per cambiare.Prezzo concorrenziale, Velocit√† di consegna e Seriet√†.Tutto questo costruisce un rapporto di fiducia e diventa difficile sperimentare altre strade.Squadra che vince non si cambia ed io tifo per Businesscaffe.",https://www.trustpilot.com/reviews/6311dbb87f7a8621ee50750f,2022-09-02T12:32:24.0000000Z,,Positive,Satisfying Transaction
Acquisto sempre conveniente 1000 caspsule kimbo intenso per nespresso. Molto disponibili anche a telefono come sempre. Capsule di recentissima produzione. Spedizione velocissima. Lo consiglio vivamente . Ordino sempre da loro e mai nessun disguido. Continuate cosi !!!!.,https://www.trustpilot.com/reviews/637c9f55252cba2c02dffb8d,2022-11-22T12:07:17.0000000Z,,Positive,Fast Shipping
Il prodotto acquistato √® da sempre il mio preferito e Business caff√® perfetta nel rispetto dei tempi e modalit√†  di consegna,https://www.trustpilot.com/reviews/654271b5efb0d1ecb57f42cf,2023-11-01T17:41:41.0000000Z,,Positive,Satisfying Transaction
"Una spanna sopra tutti per qualit√† dei prodotti e attenzione ai dettagli. Ho girato molto alla ricerca di un sito che potesse soddisfare le mie aspettative. Suggerito da un'amica, non lo lascer√≤ mai pi√π!",https://www.trustpilot.com/reviews/65217214a2dba32c014ccd59,2023-10-07T16:58:28.0000000Z,,Positive,Good Quality
"DEVO DIRE CHE NON CONOSCEVO L'AZIENDA. CHI MI RIFORNIVA DA PIU' DI 10 ANNI PER UN TIPO DI CAFFE' NON ERA PIU' NELLE MIE ASPETTATIVE. GIRANDO SUL WEB HO TROVATO BUSINESSCAFFE' CHE M I HA CONVINTO PER LA PRESENTAZIONE DEI PRODOTTI TRATTATI. ORA SUI PRODOTTI RIFERIRO' IN UN ALTRO TEMPO MA PER QUELLO CHE RIGUARDA L'IMBALLAGGIO,LA VELOCITA' DI CONSEGNA,L'AVVISO CON EMAIL  E' STATA TRA I PIU' VENDITORI  CHE CONOSCO A MERITARE  LE CINQUE STELLE ( ANCHE SEI ).DI CONSEGUENZA LA CONSIGLIO.",https://www.trustpilot.com/reviews/63bfe4c22338b6d417b77be8,2023-01-12T12:45:22.0000000Z,,Positive,N/A
"Rivenditore affidabile , Serio e Tempestivo . Prezzi concorrenziali , Consigliato!!",https://www.trustpilot.com/reviews/65b91c2cfcf35500ea69fdb0,2024-01-30T17:56:29.0000000Z,,Positive,Reliable Delivery
"Ho acquistato cialde caff√® e cialde ginseng.Spedizione rapida, collo ben impacchettato.Consegna precisa.Sono molto soddisfatto. Consigliato al  cento per cento.",https://www.trustpilot.com/reviews/63c97dcb9b64b1bdaf3d1394,2023-01-19T19:28:43.0000000Z,,Positive,Satisfying Transaction
"Ordine in perfette condizioni e in tempo, c'√® stato solo un piccolo problema con il corriere che chiamando Business caff√® ha subito risolto",https://www.trustpilot.com/reviews/6456c1e0746ca7dfea17e4c4,2023-05-06T23:08:48.0000000Z,,Positive,Fast Shipping
Ordino capsule  presso questo venditore da tempo e sono sempre buone. Molto precisi e veloci Consiglio vivamente,https://www.trustpilot.com/reviews/64fd741ddfe616edc84f32a9,2023-09-10T09:45:33.0000000Z,,Positive,Good Quality
"Niente da dire, spedizione veloce, caff√® fresco. Avrei voluto avere qualche capsula omaggio di altre aziende da assaggiare, ma niente. Del resto tutto positivo",https://www.trustpilot.com/reviews/6454d7cc746ca7dfea16ed56,2023-05-05T12:17:48.0000000Z,,Positive,Fast Shipping
Compro spesso presso questo negozio online e con risultati molto soddisfacenti . Perfetti in tutto ma soprattutto veloci. Top üîù,https://www.trustpilot.com/reviews/647dc60c706f837cb1f834c9,2023-06-05T13:25:00.0000000Z,,Positive,Satisfying Transaction
Ottimo catalogo. Facile acquistare sul sito. Prezzo ottimi. Consegna veloce di un pacco ben preparato. Tutto perfetto. Bravi,https://www.trustpilot.com/reviews/64293a91746ca7dfea014e6d,2023-04-02T10:19:29.0000000Z,,Positive,Satisfying Transaction
Io compro il caff√® solo da business caff√® poich√© mi sono sempre trovato bene sia nel prezzo che nelle spedizioni. Consiglio anche ad altri di acquistare nel loro store.,https://www.trustpilot.com/reviews/64f445e88f422edc975d84c8,2023-09-03T10:38:00.0000000Z,,Positive,N/A
"Vasta scelta di capsule compatibili, prezzi concorrenziali, nessun onere per il pagamento in contrassegno. Consiglio!",https://www.trustpilot.com/reviews/64f5989e38781dfe6f4d8545,2023-09-04T10:43:10.0000000Z,,Positive,Wide Product Range
"Servizio di spedizione veloce pochissimo tempo √® passato tra la mia trasmissione dell‚Äôordine e l‚Äôinvio, prezzi ottimi.",https://www.trustpilot.com/reviews/64267d48734f97e68f949b60,2023-03-31T08:27:21.0000000Z,,Positive,Fast Shipping
Una ricca selezione con frequenti aggiornamenti Variet√† di prezzi e qualit√†Puntuali nella consegnaLo consiglio vivamente,https://www.trustpilot.com/reviews/64071f6810f903d5aa1df60f,2023-03-07T13:26:32.0000000Z,,Positive,Satisfactory Purchase
"caff√® espresso napoletano di ottima qualit√†.Di caff√® ne ho bevuti davvero tanti ma quello che ho bevuto mi ha cambiato la giornata, mi aspettavo che il prodotto costasse molto di pi√π ma mi sbagliavo.Caff√® espresso consigliato per ogni tipo di pausa!",https://www.trustpilot.com/reviews/6365735d252cba2c02cf5a4d,2022-11-04T22:17:33.0000000Z,,Positive,Good Quality
Sono molto soddisfatta sia x la consegna che √® avvenuta in poco tempo sia x la miscela che √® ottima  Grazie della vostra seriet√†.,https://www.trustpilot.com/reviews/644f6b8d734f97e68fa87b6c,2023-05-01T09:34:37.0000000Z,,Positive,Satisfying Transaction
ditta corretta e professionale sotto tutti i punti di vista.acquistate con serenit√†.,https://www.trustpilot.com/reviews/6543486bdac76f634319624a,2023-11-02T08:57:47.0000000Z,,Positive,Satisfying Transaction
Miglior prezzo sul mercato online.Spedizione e consegna abbondantemente nei tempi previsti.Spero di poter ripetere ordine.,https://www.trustpilot.com/reviews/633fef5eb67840c2ab2aa2dd,2022-10-07T11:20:30.0000000Z,,Positive,Fast Shipping
Eccellente servizio. Prodotti sempre disponibili a prezzi concorrenziali e consegnati in tempi rapidissimi. Lo ritengo un supplier molto valido,https://www.trustpilot.com/reviews/64243a82b23781c84238581d,2023-03-29T15:17:54.0000000Z,,Positive,Fast Shipping
Volevo provare il caff√® decaffeinato in grani e il Borbone era quello che mi interessava. Prodotto notevole. Sicuramente riprover√≤ l'esperienza,https://www.trustpilot.com/reviews/6392da1c5873c1cf9fcfff3b,2022-12-09T08:47:56.0000000Z,,Positive,Satisfying Transaction
Esperienza ottima spedizione veloce e puntuale. Tutto √® andato bene e i prezzi sono ottimi. Servizio ottimo,https://www.trustpilot.com/reviews/64a30bd4706f837cb10b7c9d,2023-07-03T19:56:36.0000000Z,,Positive,Excellent Experience
Sono molto contenta perche ho avuto una esperienza molto positiva. Vi ringrazio per il vostro buon servizio. Grazie tanto,https://www.trustpilot.com/reviews/6567a6ecffa336623ed33abe,2023-11-29T23:02:36.0000000Z,,Positive,Great Service
Tutto ok‚Ä¶imballo perfetto spedizione veloce‚Ä¶prodotto cialde Kimbo top!,https://www.trustpilot.com/reviews/653fb92885d9325d05e0a186,2023-10-30T16:09:44.0000000Z,,Positive,N/A
Tutto come previstoTempi di consegna molto brevi Prodotto di qualit√† ottima.Facilit√† di prenotazione Prezzi tra i pi√π bassi.,https://www.trustpilot.com/reviews/64a517cd556f5f998d1d1f37,2023-07-05T09:12:13.0000000Z,,Positive,N/A
Veloci nella spedizione onesti e ottima qualit√† e prezzo. L√¨ consiglio veramente.,https://www.trustpilot.com/reviews/650067d4efdf109d4cf3344c,2023-09-12T15:29:56.0000000Z,,Positive,N/A
"Servizio rapido e tuttoi √® andato come promesso. Lo consiglio.Mi propongo di acquistare il Caff√® della Reggia. Ho avuto qualche capsula in omaggio e l'ho trovato buono, molto buono.",https://www.trustpilot.com/reviews/64510782746ca7dfea14c320,2023-05-02T14:52:18.0000000Z,,Positive,Satisfactory Purchase
Servizio spedizione velocissimo e tanta variet√† di capsule a prezzi vantaggiosi. Lo Consiglio senza dubbio,https://www.trustpilot.com/reviews/62e7e23f8000af4a885134c7,2022-08-01T16:25:03.0000000Z,,Positive,N/A
Ottimo caff√® e spedizione velocissima. Appena sto x finirlo far√≤ un nuovo ordine,https://www.trustpilot.com/reviews/647b638b706f837cb1f74a51,2023-06-03T18:00:11.0000000Z,,Positive,Fast Shipping
"Sempre precisi e veloce e molti disponibili.in 24 ore la merce ti arriva a casa , continuer√≤ ad acquistare sul vostro sito",https://www.trustpilot.com/reviews/63bc64f94d0773066a32c63b,2023-01-09T21:03:21.0000000Z,,Positive,Fast Shipping
La mia esperienza √® molto positiva il venditore √® affidabile velocit√† di spedizione e tutto soddisfacente,https://www.trustpilot.com/reviews/65493b9417072e601f6ecc01,2023-11-06T21:16:36.0000000Z,,Positive,Excellent Experience
Perfetta comunicazione. Pacco spedito il giorno dopo il mio ordine e arrivato in tempo per Natale!,https://www.trustpilot.com/reviews/63b3d3734d0773066a2c2072,2023-01-03T09:04:19.0000000Z,,Positive,Fast Shipping
Esperienza pi√π che positiva e soprattutto tempi di consegna davvero brevi.Consigliato,https://www.trustpilot.com/reviews/64a0040cc423446286822d1d,2023-07-01T12:46:36.0000000Z,,Positive,Fast Shipping
Ho acquistato cialde Borbone Respresso: ottimo prezzo e consegna veloce.Grazie!!!,https://www.trustpilot.com/reviews/64a2d762c42344628683865f,2023-07-03T16:12:50.0000000Z,,Positive,Satisfactory Purchase
Primo ordine effettuato 400 cialdeGrande scelta con ottimi prezzi.Spedizione super rapida.Consigliatissimo,https://www.trustpilot.com/reviews/6425d741752fa494ddb7aba7,2023-03-30T20:38:57.0000000Z,,Positive,Fast Shipping
Non √® la prima esperienza sono ormai cliente sono veloci nella consegna e una ditta molto seria mi trovo bene,https://www.trustpilot.com/reviews/63debb8f9b64b1bdaf4d2e2b,2023-02-04T22:09:51.0000000Z,,Positive,Excellent Experience
"Sito davvero ottimo: imballaggio molto buono,ottimi prezzi e consegna rapida. Lo raccomando!",https://www.trustpilot.com/reviews/62e92f9d4c35e69ec5211d0a,2022-08-02T16:07:25.0000000Z,,Positive,Fast Shipping
Prendo solitamente il caff√® in cialde decaffeinato e molto buono puntualit√† nella consegna,https://www.trustpilot.com/reviews/64a271f9c423446286833350,2023-07-03T09:00:09.0000000Z,,Positive,Satisfactory Purchase
"Ricevuto quanto ordinato, 4 confezioni di caff√® in cialde, perfettamente come stabilito alla data dell'ordine. Seriet√† e correttezza dell'azienda. Consigliato",https://www.trustpilot.com/reviews/64b69f4e835afeb29e40a8df,2023-07-18T16:18:54.0000000Z,,Positive,Satisfying Transaction
Ottimo prodotto anche in rapporto al prezzo. Spedizione molto veloce. Consigliato.,https://www.trustpilot.com/reviews/63de3b8b745e4800219a84ed,2023-02-04T13:03:39.0000000Z,,Positive,Fast Shipping
"servizio veloce e preciso, prezzi bassi quindi consigliatissimo, credo che diventer√† il mio fornitore abituale.",https://www.trustpilot.com/reviews/63874679252cba2c02e88437,2022-11-30T14:03:05.0000000Z,,Positive,Satisfying Transaction
"azienda puntuale, e prezzi concorrenziali. la sto consigliando agli amici.",https://www.trustpilot.com/reviews/6479d04e706f837cb1f67f44,2023-06-02T13:19:42.0000000Z,,Positive,Satisfying Transaction
Prezzi ottimi e tempi di spedizione molto veloci. Sicuramente consigliato.,https://www.trustpilot.com/reviews/64a88f20ad9f9a7a62bcad57,2023-07-08T00:18:08.0000000Z,,Positive,Fast Shipping
Sono soddisfatto del mio acquisto sia per il prezzo che per la velocit√† della consegna,https://www.trustpilot.com/reviews/643d539dea336d9367806c76,2023-04-17T16:11:41.0000000Z,,Positive,Satisfactory Purchase
"Non √® la prima volta che acquisto da questo fornitore, che dire. Il caff√® √® buono, lo era  anche prima acquistato  da altri essendo lo stesso. Il prezzo √® buono e il servizio ottimo!!1",https://www.trustpilot.com/reviews/644e1c8d734f97e68fa7fa94,2023-04-30T09:45:17.0000000Z,,Positive,Good Quality
"Azienda specializzata nel settore, prezzi molto competitivi e consegne veloci ma soprattutto comodit√† nel pagamento alla consegna.",https://www.trustpilot.com/reviews/633c743f4a5fff53cad671dc,2022-10-04T19:58:23.0000000Z,,N/A,N/A
Ottimi prezzi. Non ho avuto problemi n√® nell'acquisto n√® nella consegna,https://www.trustpilot.com/reviews/64cb80819f1fdac4b47a4505,2023-08-03T12:25:05.0000000Z,,Positive,Satisfactory Purchase
"Veloci, precisi ed economici. Tutto ok anche con il bonifico al posto di paypal",https://www.trustpilot.com/reviews/6454fc18746ca7dfea170a26,2023-05-05T14:52:41.0000000Z,,Positive,Convenient Payment
Spedizione velocissima e perfettamente in coerente con la descrizione del prodotto!!!,https://www.trustpilot.com/reviews/633b0f093d107cfdfcd1cab8,2022-10-03T18:34:17.0000000Z,,Positive,Fast Shipping
Spedizione velocePrezzo buonoPeccato che il caff√® in capsule √® a vista e la confezione si rovina,https://www.trustpilot.com/reviews/6316605e7f7a8621ee5380a5,2022-09-05T22:47:26.0000000Z,,Negative,None
Vecchia cliente mai delusa. Sia per qualit√† caff√®  sia per tempistica e servizio consegna,https://www.trustpilot.com/reviews/642c5c36734f97e68f97a6dd,2023-04-04T19:19:50.0000000Z,,Positive,Satisfying Transaction
"ho trovato convenienza,qualit√†, trasparenza e consegna    velocissima, saluti e al prossimo ordine",https://www.trustpilot.com/reviews/633f2a47350baeeabe62f00d,2022-10-06T21:19:35.0000000Z,,Positive,N/A
"Azienda seria,spedizioni veloci e puntuali,professionalit√†,rapporto qualit√† prezzo molto buono",https://www.trustpilot.com/reviews/63bb08372338b6d417b3a8d5,2023-01-08T20:15:19.0000000Z,,Positive,Fast Shipping
"Ultime esperienze non perfettamente buone ,i pacchi arrivano schiacciati per un debole imballaggio fatto di nylon,poi non gradisco le etichette di pubblicit√† sulle stesse di business caff√® ,inoltre mandavano dei regali graditi e non lo hanno pi√π fatto ,quali capsule di prova tazzine e piattini ,le capsule molte volte segnalato sono in numero inferiore ed alcune s aprono male .La qualit√† del caff√® √® buona",https://www.trustpilot.com/reviews/62e791518000af4a8850d14a,2022-08-01T10:39:45.0000000Z,,Negative,Satisfactory Purchase
Imballaggio perfetto.Spedizione puntualissima.Caff√® ottimo e prezzo super,https://www.trustpilot.com/reviews/6341d95f350baeeabe64a7a4,2022-10-08T22:11:12.0000000Z,,Positive,Quality Packaging
"Come sempre recensito, ottimo rapporto qualit√† prezzo. Spedizione veloce!",https://www.trustpilot.com/reviews/63676e83252cba2c02d050f4,2022-11-06T10:21:23.0000000Z,,Positive,Fast Shipping
Acquistato caff√® in grani ottimo prodotto puntualissimi nella consegna .,https://www.trustpilot.com/reviews/633bf7e94a5fff53cad5dded,2022-10-04T11:07:54.0000000Z,,Positive,Good Quality
Venditore serio e prezzi davvero ineguagliabili. Spedizione veloce e imballaggio accurato. Davvero consigliato.,https://www.trustpilot.com/reviews/63bc1f332338b6d417b459b1,2023-01-09T16:05:39.0000000Z,,Positive,Fast Shipping
"Servizio ottimo, puntuale e molto rapido.Ottimo il caff√® della ditta Passalacqua.A me piace la qualit√† dell'Habanera, ma ognuno pu√≤ scegliere tra tanti caff√® napoletani quello che preferisce.",https://www.trustpilot.com/reviews/62ea83838000af4a885373ce,2022-08-03T16:17:39.0000000Z,,Positive,Good Quality
Velocissimi. Precisi. Prezzo concorrenziale. Prodotti ottimi. Lo consiglio vivamente.,https://www.trustpilot.com/reviews/64516cfe734f97e68fa9c271,2023-05-02T22:05:18.0000000Z,,Positive,N/A
"Servizio eccellente,  prezzi davvero concorrenziali. Ottima la consegna.",https://www.trustpilot.com/reviews/62eb94838000af4a885447e8,2022-08-04T11:42:27.0000000Z,,Positive,Great Service
Ottimo rapporto qualit√†-prezzo. Servizi di pagamento e spedizione eccellenti.,https://www.trustpilot.com/reviews/642aade4734f97e68f9694dc,2023-04-03T12:43:48.0000000Z,,Positive,Competitive Prices
"La flessibilit√† pagamento,  celerit√† nella consegna, prodotto eccellente",https://www.trustpilot.com/reviews/63b906d54d0773066a30731c,2023-01-07T07:44:54.0000000Z,,Positive,Convenient Payment
"Convenienti, rapidissimi nelle spedizioni e gentilissimi! Consigliati!",https://www.trustpilot.com/reviews/640066379b64b1bdaf666d00,2023-03-02T11:02:47.0000000Z,,Positive,Fast Shipping
"Ottimo fornitore, tempestivit√† di spedizione, sicuramente faremo nuovi affari",https://www.trustpilot.com/reviews/62cd5c108000af4a883daa35,2022-07-12T13:33:36.0000000Z,,Positive,Fast Shipping
"Sono al terzo acquisto e confermo la recensione positiva gi√† data in precedenza, consegna puntuale e il prodotto √® ottimo Donatella",https://www.trustpilot.com/reviews/62c2c0a3853b02c06c96ad86,2022-07-04T12:27:47.0000000Z,,Positive,Satisfactory Purchase
"Sono veramente soddisfatto della seriet√† e affidabilit√† dell'azienda, grazie per la velocit√† della spedizione. Rapporto qualit√†-prezzo ineguagliabile.",https://www.trustpilot.com/reviews/62c0276aba5bb6ef042983fc,2022-07-02T13:09:30.0000000Z,,Positive,Satisfying Transaction
Ho ricevuto il pacco come da mio ordine. Grazie sono soddisfatta della Vs seriet√† e puntualit√†.,https://www.trustpilot.com/reviews/62a1de236d54f9210710cc4b,2022-06-09T13:48:51.0000000Z,,Positive,Satisfying Transaction
"tutto bene,spedizione veloce,prodotto da me ordinato caffe Borbone nero ottimo,il dek non so dato che non era per me. Comprero  sicuramente ancora da questo venditore.",https://www.trustpilot.com/reviews/629dfc2635343b8f5b628470,2022-06-06T15:07:50.0000000Z,,Positive,Satisfactory Purchase
mi sono trovato benissimo prezzo e spedizione tutto ottimo inclusa la qualit√† complimenti Mauro Santi,https://www.trustpilot.com/reviews/629db5bf35343b8f5b623927,2022-06-06T10:07:27.0000000Z,,Positive,Satisfying Transaction
"Prezzi competitivi per prodotti di qualit√†. Seri e affidabili, nonostante un problema con la spedizione dovuto ad un banale errore di etichette in pochissimo tempo hanno risolto il problema brillantemente. Consigliato.",https://www.trustpilot.com/reviews/629c6b0335343b8f5b6193d1,2022-06-05T10:36:19.0000000Z,,Positive,Satisfying Transaction
Primo ordine 300 capsule e ok il prezzo √® quello √® va bene facendo un secondo ordine uno si aspetta un.po di sconto anche perch√© se tratti bene il cliente torna ora per dire dovrei fare un altro ordine e sono in deciso se cambiare perch√© stesso caffe altri lo vendono a meno di poco ma meno ora a me chi mi porta a comprare ancora da voi visto che il trattamento e uguale. Grazie,https://www.trustpilot.com/reviews/6296829435343b8f5b5da88f,2022-05-31T23:03:16.0000000Z,,Negative,Satisfactory Purchase
Prezzi buoni e migliori di altri siti dove acquistavo il caff√® Borbone.,https://www.trustpilot.com/reviews/6295f17235343b8f5b5cf000,2022-05-31T12:44:02.0000000Z,,Positive,Competitive Prices
"Semplicemente perfetto!!!!Ho acquistato 700 capsule borbone con pagamento alla consegna ordinato venerd√¨, marted√¨ mi √® stato consegnato.Lo consiglio vivamente",https://www.trustpilot.com/reviews/628e42f24b16276ac9902d0f,2022-05-25T16:53:38.0000000Z,,Positive,Satisfying Transaction
Servizio clienti molto attento alle mie richieste e prodotto ricevuto imballato prima in scatole da 6 confezioni e poi ulteriormente protetto da cellophane. Pienamente soddisfatta. Mi rivolger√≤ ancora a loro per ordini futuri.,https://www.trustpilot.com/reviews/62711b01166eb7ecbf3b85d9,2022-05-03T12:07:29.0000000Z,,Positive,Satisfying Transaction
"Ottimo venditore, oltre la convenienza velocit√† ed efficienza del servizio. Bravi e complimenti. Riacquister√≤ da loro sicuramente.",https://www.trustpilot.com/reviews/626fd696166eb7ecbf3a8bb1,2022-05-02T13:03:18.0000000Z,,Positive,Great Service
Il vostro caff√® lo trovo di ottimo gusto e aroma :continuer√≤ ad acquistarlo.,https://www.trustpilot.com/reviews/6252f2182b3c3c43cfce8b9b,2022-04-10T15:04:56.0000000Z,,Positive,Satisfying Transaction
"Caff√® eccellente il Kimbo, ottima qualit√† anche il fornitore, serio, preciso e puntuale. Lo consiglio.",https://www.trustpilot.com/reviews/624c6f53c7628b203ba36c61,2022-04-05T16:33:23.0000000Z,,Positive,Excellent Experience
"Negozio eccellente!!! Ottimi prezzi, vasta scelta e spedizioni rapide.",https://www.trustpilot.com/reviews/6245eb122b3c3c43cfc4decb,2022-03-31T17:55:30.0000000Z,,Positive,Fast Shipping
"esperienza positivissima, prezzi convenienti e spedizione veloce. Grazie",https://www.trustpilot.com/reviews/6245b966c7628b203b9e6b68,2022-03-31T14:23:34.0000000Z,,Positive,Satisfying Transaction
"Sono soddisfatta, l‚Äôordine √® arrivato velocemente.Sicuramente ordiner√≤ di nuovo.",https://www.trustpilot.com/reviews/62434639f144199fc9cdcfe1,2022-03-29T17:47:37.0000000Z,,Positive,Satisfying Transaction
"Veloci nella spedizione e disponibili, il caff√® √® ottimo, non solo la miscela blu, ma anche il dek.",https://www.trustpilot.com/reviews/621f5dd9445f5107dca5eefe,2022-03-02T12:06:49.0000000Z,,Positive,N/A
"Continua ad essere il mio rivenditore preferito,  sia per la qualit√†  che per il prezzo.",https://www.trustpilot.com/reviews/62000a7bbc5a51af69b9e76e,2022-02-06T17:50:51.0000000Z,,Positive,Good Quality
Tutto perfetto! Puntualit√† e velocit√†.In pi√π una piccola chicca molto gradita: alcune capsule di caff√® in omaggio! Bravi!,https://www.trustpilot.com/reviews/61fd6c93bc5a51af69b83eb0,2022-02-04T18:12:35.0000000Z,,Positive,Satisfying Transaction
"√à gi√† un po' di tempo che prendo il caff√®..top come sempre, spedizione veloce e pacco al top",https://www.trustpilot.com/reviews/61fc104abc5a51af69b70a71,2022-02-03T17:26:34.0000000Z,,Positive,Fast Shipping
"Mi trovo bene con Businesscaffe, ottimi caff√® ad un prezzo vantaggioso e spedizione superveloce.",https://www.trustpilot.com/reviews/61fbc220a16c1e751f7d3aa4,2022-02-03T11:53:04.0000000Z,,Positive,Fast Shipping
"Convenienza del prodotto, rapidit√† e precisione esemplare nella consegna. Bravissimi, avanti cos√¨ !",https://www.trustpilot.com/reviews/61f28846a16c1e751f761e09,2022-01-27T11:55:50.0000000Z,,Positive,Great Service
Pacco consegnato in meno di 24 h. Servizio eccellente. Probabilmente la prossima volta arrivate gi√† con la tazzina e il caff√® gi√† pronto. Complimenti,https://www.trustpilot.com/reviews/61f12e5ae1196e51d76f92d4,2022-01-26T11:19:54.0000000Z,,Positive,Fast Shipping
Ottimo venditore puntuale nella consegna ma poco attento. Nell'ordine era compreso il regalo di una tazzina da caff√® con relativo piattino (a me non serviva) mai arrivato.,https://www.trustpilot.com/reviews/61ed376ba16c1e751f71d9ec,2022-01-23T11:09:31.0000000Z,,Negative,None
"Venditore eccellente. Ho avuto un problema cona.consegna, dovuto ad un ritardo del corriere. Appena chiamato, si √® subito prodigato per sollecitare e risolvere la problematica. Davvero eccezionale. Da consigliare assolutamente.",https://www.trustpilot.com/reviews/61ed1642a16c1e751f71c13e,2022-01-23T08:48:02.0000000Z,,Positive,Great Service
Venditore affidabile con spedizione super veloce. Grande scelta di caff√® a ottimi prezzi. Consigliatissimo!!,https://www.trustpilot.com/reviews/61e9cf51a16c1e751f6fb4ba,2022-01-20T21:08:33.0000000Z,,Positive,Fast Shipping
"Businnesscaff√® una garanzia, sono diversi anni che acquisto capsule da loro, non ho mai avuto problemi.",https://www.trustpilot.com/reviews/61e42a85a16c1e751f6ae04a,2022-01-16T14:24:05.0000000Z,,Positive,Satisfactory Purchase
Precisi  e ottimo prodotto puntualissimo nelle consegne clienti da pi√π di 4 anni,https://www.trustpilot.com/reviews/61e3e890e1196e51d765430e,2022-01-16T09:42:40.0000000Z,,Positive,Satisfactory Purchase
"Ottimo caff√®, ottimi i prezzi, l'unica pecca peraltro non per colpa vostra, i tempi di consegna che potrebbero essere pi√π celeri, anche perch√© voi il caff√® lo spedite istantaneamente alla richiesta. Riacquister√≤ il caff√® sicuramente da voi, (se i prezzi rimangono convenienti ).",https://www.trustpilot.com/reviews/61e295d3e1196e51d7647b1f,2022-01-15T09:37:23.0000000Z,,Positive,Fast Shipping
Servizio eccellente. Ordine confezionato molto bene a garanzia dell‚Äôintegrit√† del prodotto,https://www.trustpilot.com/reviews/61e1748fa16c1e751f691ddd,2022-01-14T13:03:11.0000000Z,,Positive,Quality Packaging
"Consegna veloce. Materiale, di scatole di 5 scatole 3 arrivate danneggiate.",https://www.trustpilot.com/reviews/61e16567a16c1e751f690a23,2022-01-14T11:58:31.0000000Z,,Negative,Satisfactory Purchase
niente da rimproverare alla ditta che √® stata sempre corretta e onesta.devo per√≤ constatare che le cialde che ho da poco acquistato sono fatte con carta riciclabile e il caff√® non √® pi√π buono come prima.ho provate varie tipologie e marche differenti ma il risultato non cambia .molto deludente. non so se riuscir√≤ a trovare ancora le vecchie cialde.prover√≤ a consultare altri siti,https://www.trustpilot.com/reviews/61e07491e1196e51d763037d,2022-01-13T18:50:57.0000000Z,,Negative,Satisfactory Purchase
"Sono ormai affezionata cliente e ordine dopo ordine Businescaff√® si conferma il miglior store online per acquistare al miglior prezzo il miglior caff√® (nostri preferiti, Borbone Oro e Passalacqua). Li ringrazio infinitamente per le cialde prova omaggio, la correttezza, rapidit√† e cortesia.",https://www.trustpilot.com/reviews/61dafe73a16c1e751f63c3d3,2022-01-09T15:25:39.0000000Z,,Positive,Satisfying Transaction
Servizio veloce e puntuale; qui trovo il caff√® che mi piace ad un ottimo prezzo.,https://www.trustpilot.com/reviews/61d86164a16c1e751f621e79,2022-01-07T15:51:00.0000000Z,,Positive,N/A
"Sono clienti da diversi anni. Prezzi super, comunicazione ottima e tempi di spedizioni da primato. Super consigliato",https://www.trustpilot.com/reviews/61d20fdd0430e828ebe5ae34,2022-01-02T20:49:33.0000000Z,,Positive,N/A
OTTIMO SITO SI NAVIGA VELOCEMENTE BUONI I PRODOTTI OTTIMI I  PREZZI. ACQUISTERO SICURAMENTE ANCORA,https://www.trustpilot.com/reviews/61d06d8f9f60695a25068dc9,2022-01-01T15:04:47.0000000Z,,Positive,Good Quality
"Tutto ok come sempre, prodotti, spedizione e celerit√†.B&B La C√† √´t Mec Robilante",https://www.trustpilot.com/reviews/61ceebe50430e828ebe3e99d,2021-12-31T11:39:17.0000000Z,,Positive,Satisfying Transaction
Prezzi molto buoni e spedizione rapida.. Caff√® della Reggia gusto napoletano veramente buono!!,https://www.trustpilot.com/reviews/61cd96d30430e828ebe2dd1b,2021-12-30T11:24:03.0000000Z,,Positive,Good Quality
"E un bel po che acquisto il caff√® da voi ,seriet√† e tempi di consegna rapidi, voto 5*****",https://www.trustpilot.com/reviews/61c5760c0430e828ebdd6279,2021-12-24T07:26:04.0000000Z,,Positive,N/A
"Ottimo venditore a differenza di un‚Äôaltro che ancora mi deve far baciare la merce, rapido veloce consigliatissimo",https://www.trustpilot.com/reviews/61c45ac99f60695a25fe4324,2021-12-23T11:17:29.0000000Z,,Positive,Fast Shipping
Consegna sempre puntuale.  Caff√® qualit√† prezzo imbattibili.  Venditore consigliato,https://www.trustpilot.com/reviews/61c4488c9f60695a25fe2c60,2021-12-23T09:59:40.0000000Z,,Positive,Satisfactory Purchase
"Ben confezionato, caff√® arriva in tempi brevi e offerte sempre al top.",https://www.trustpilot.com/reviews/61c02b1f0430e828ebd876f5,2021-12-20T07:05:03.0000000Z,,Positive,Satisfying Transaction
"Prezzo molto competitivo anche per le piccole quantit√†, prodotto perfetto!",https://www.trustpilot.com/reviews/61bf633f9f60695a25f9e683,2021-12-19T16:52:15.0000000Z,,Positive,Satisfying Transaction
Acquisto ormai sistematicamente le capsule. Mai una sbavatura. Tutto sempre perfetto. Caff√® ottimo,https://www.trustpilot.com/reviews/61be24fe0430e828ebd75c43,2021-12-18T18:14:22.0000000Z,,Positive,Satisfying Transaction
"Ottimi prodotti,spedizione veloce e personale veramente gentile e celere sia nel rispondere k nel risolvere eventuali problemi.Consigliatissimi",https://www.trustpilot.com/reviews/61bdccdd0430e828ebd7047a,2021-12-18T11:58:21.0000000Z,,Positive,Great Service
"Prezzi competitivi e nessun intoppo. Seconda volta che acquistiamo qui, il sito √® chiaro e veloce da consultare. Consigliato",https://www.trustpilot.com/reviews/61bb3c5c9f60695a25f6b2f7,2021-12-16T13:17:16.0000000Z,,Positive,Competitive Prices
"Ottimo servizio, arrivato in un giorno, imballato bene. Il caff√® √® ottimo.",https://www.trustpilot.com/reviews/61b73ca90b7cbbcbfe0ae11e,2021-12-13T12:29:29.0000000Z,,Positive,Fast Shipping
"Il miglior negozio online di caff√®! Prezzi bassi, velocit√† nel processare gli ordini e possibilit√† di pagamento in contrassegno senza alcun sovrapprezzo! Lo consiglio a tutti!",https://www.trustpilot.com/reviews/61b4a56f2b49257fe29d8228,2021-12-11T13:19:43.0000000Z,,Positive,Satisfying Transaction
"Ho gi√† fatto altri acquisti e non ho avuto nessun problema. Transazione perfetta e spedizione velocissima.  Anche al telefono ho avuto soddisfazione alla mia domanda. Mio fornitore preferito, ormai  le capsule.di caff√® si acquistano solo in questo sito.",https://www.trustpilot.com/reviews/61acc1070b7cbbcbfe0166c9,2021-12-05T13:39:19.0000000Z,,Positive,Satisfying Transaction
"Velocissimi, da quando si spedisce l' ordine il corriere arriva in 2 giorni. Un grazie a Business Caff√® che non mi lascia mai senza la mia carica quotidiana. A presto, ciao. Claudio.",https://www.trustpilot.com/reviews/61ab94832b49257fe2950920,2021-12-04T16:17:07.0000000Z,,Positive,Fast Shipping
Come sempre tutto perfetto prezzi concorrenziali spedizioni veloci cinque stelle meritatissime,https://www.trustpilot.com/reviews/61a499d9bd63dda48268506c,2021-11-29T09:14:01.0000000Z,,Positive,Satisfying Transaction
"Non √® la prima volta che compro caff√® da quei sito. Mi trovo benissimo : economico, veloce... Insomma ottimo",https://www.trustpilot.com/reviews/619c2cda8931a33087338c6b,2021-11-22T23:50:50.0000000Z,,Positive,Satisfying Transaction
Spedizione rapida ed arrivo del prodotto in tempi brevi. Qualit√† del prodotto conforme alle aspettative,https://www.trustpilot.com/reviews/6197a81f8931a3308730430c,2021-11-19T13:35:27.0000000Z,,Positive,Fast Shipping
Tutto benissimo.Quanto ordinato √® arrivato  conforme e ben confezionato ad un costo veramente conveniente,https://www.trustpilot.com/reviews/61966518813958f0f1442201,2021-11-18T14:37:12.0000000Z,,Positive,Satisfying Transaction
"tutto ok, seriet√† e puntualit√† nella consegna e qualit√† del servizio oltre al buon caff√®",https://www.trustpilot.com/reviews/6192a4424e475d8cc62e6168,2021-11-15T18:17:38.0000000Z,,Positive,Satisfying Transaction
"Qualit√† prezzo ottima, i tempi di arrivo sono stati rispettati, il pacco √® stato recapitato senza alcun danno che dire proprio quello che cercavo.",https://www.trustpilot.com/reviews/6190d11701034f34babeda46,2021-11-14T09:04:23.0000000Z,,Positive,Satisfactory Purchase
"ottimi prodotti molto serio il personale e' professionale,veloce il tempo di consegna.lo consiglio vivamente questo sito.",https://www.trustpilot.com/reviews/618ece0d01034f34babdd80c,2021-11-12T20:26:53.0000000Z,,Positive,Excellent Experience
Ho acquistato il caff√® che stavo cercando ad un prezzo conveniente. La spedizione √® stata pi√π che veloce.La prova qualit√† √® stata come da aspettative.,https://www.trustpilot.com/reviews/618ebe9001034f34babdc9fa,2021-11-12T19:20:48.0000000Z,,Positive,Satisfactory Purchase
E' ormai da tempo che ordino da loro. Efficienti e rapidi come sempre.,https://www.trustpilot.com/reviews/6188bbbe234f1b1fe57144cb,2021-11-08T05:55:10.0000000Z,,Positive,Fast Shipping
Sono costretto a dare 1 sola stella in quanto l'imballaggio nel quale √® stata spedita la merce si √® rivelato insufficiente e le capsule del caffe in testa al pacco erano tutte schiacciate quindi inutilizzabili (ho fatto le foto ma non c'√® possibilit√† di allegarle). Mi sembra poco professionale spedire un oggetto cosi delicato in una scatoletta di cartone senza alcuna protezione interna,https://www.trustpilot.com/reviews/61869f8975069a4da49b324d,2021-11-06T15:30:17.0000000Z,,Negative,Quality Packaging
"che dire velocissimi nella consegna, e prezzi migliori del web pi√π di cosi",https://www.trustpilot.com/reviews/61844cf3234f1b1fe56e9a92,2021-11-04T21:13:23.0000000Z,,Positive,Fast Shipping
"Prodotto molto buono e qualit√† prezzo molto buono, ordinato dopo 3 giorni √® arrivato!",https://www.trustpilot.com/reviews/617d33a8234f1b1fe56938de,2021-10-30T11:59:36.0000000Z,,Positive,Satisfactory Purchase
"Consegne veloci, disponibili a rispondere a qualsiasi domanda o problema.",https://www.trustpilot.com/reviews/617c542d234f1b1fe568d0f4,2021-10-29T20:06:05.0000000Z,,Positive,Fast Shipping
Sono soddisfatto della velocit√† di consegna e anche del costo. Ottimo rapporto qualit√† prezzo,https://www.trustpilot.com/reviews/617aa9d4234f1b1fe56765d4,2021-10-28T13:47:00.0000000Z,,Positive,Satisfactory Purchase
"E' la seconda volta che compro qui. Prezzo conveniente, spedizione velocissima. Consigliato!",https://www.trustpilot.com/reviews/617a7378234f1b1fe5671c05,2021-10-28T09:55:04.0000000Z,,Positive,Fast Shipping
"Efficienti, sempre disponibili e puntuali nella consegna. Sono un paio d‚Äôanni che mi servo da loro e non cambierei.",https://www.trustpilot.com/reviews/61728d0c75069a4da48ca5eb,2021-10-22T10:06:04.0000000Z,,Positive,Great Service
La spedizione √® stata puntuale (giorno successivo) ed i prezzi sono veramente i pi√π bassi del mercato,https://www.trustpilot.com/reviews/61727aec234f1b1fe56170d7,2021-10-22T08:48:44.0000000Z,,Positive,Competitive Prices
"Servizio veloce e molto professionale, oltre che a prezzi molto competitivi.",https://www.trustpilot.com/reviews/61714f8b75069a4da48bac27,2021-10-21T11:31:23.0000000Z,,Positive,N/A
"Il caff√® √® come mi aspettavo ottimo, grazie un saluto Roberto Zampieri",https://www.trustpilot.com/reviews/616a786f234f1b1fe55b9573,2021-10-16T06:59:59.0000000Z,,Positive,Good Quality
Tutto ok. Tempi di consegna rispettati e cialde fresche. Ripeter√≤ l'esperienza.,https://www.trustpilot.com/reviews/6169b872234f1b1fe55b41c5,2021-10-15T17:20:50.0000000Z,,Positive,Satisfying Transaction
"Non √® la prima volta che acquisto le capsule Kimbo, compatibili Nespresso: prezzo conveniente e tutto perfetto!",https://www.trustpilot.com/reviews/61683f3175069a4da4853245,2021-10-14T14:31:13.0000000Z,,Positive,Satisfactory Purchase
"Puntuali e corretti. Nel pacco c'era anche un piccolo assaggio omaggio.Ricomprer√≤ da loro, anche perch√® il prodotto acquistato costa meno da loro che da Amazon",https://www.trustpilot.com/reviews/6160029eb873f1f75f59fe53,2021-10-11T10:11:09.0000000Z,,Positive,Satisfying Transaction
Il prezzo migliore ed una spedizione velocissima! Ripeter√≤ sicuramente l'esperienza di acquisto.,https://www.trustpilot.com/reviews/615a88966223e22118c1dfb4,2021-10-04T04:52:38.0000000Z,,Positive,Fast Shipping
"Puntuali precisi, comoda la possibilit√† di comunicare anche m/WhatsApp.",https://www.trustpilot.com/reviews/6155aac96223e22118bee248,2021-09-30T12:17:13.0000000Z,,Positive,Professional Communication
"Buoni prezzi e  veloci, non c'√® una grandissima variet√† di prodotti ma va bene, se trovi quello che cerchi √® un ottimo sito! √à da 5 stelle ma do 4 stelle solo perch√© c'√® un minimo di spesa che se non ricordo male √® di 20 euro o poco pi√π (escluso spese di spedizione) e quindi sei costretto a spendere pi√π di quello che vorresti o senn√≤ ci si deve organizzare con pi√π persone ed √® quello che ho fatto io... Cos√¨ ci siamo divisi anche le spese di spedizione il cui prezzo √® molto onesto, solo 3.90 euro.Ah gi√† dimenticavo infatti che penso sia l'unico sito ( o l'unico che io ho trovato) che permette di ordinare piccole quantit√† in modo da assaggiare vari gusti prima ed √® una gran comodit√†! Un plus che merita una stella in pi√π üòÄ",https://www.trustpilot.com/reviews/615595ce6223e22118bec758,2021-09-30T19:31:34.0000000Z,,Positive,N/A
"Tutto come previsto, l'unica differenza con altri siti di vendita √® il pagamento delle spese di spedizione.",https://www.trustpilot.com/reviews/614d95396223e22118b96814,2021-09-24T09:07:05.0000000Z,,Positive,Convenient Payment
"Praticamente i migliori!!√à da un anno e pi√π che acquisto da loro.I prodotti eccezionali,con data di produzione recentissima e i prezzi competitivi.L'ordine viene spedito il giorno dopo e nel giro di 2/3 giorni il caff√® √® a üè†",https://www.trustpilot.com/reviews/614717966223e22118b49b36,2021-09-19T10:57:26.0000000Z,,Positive,N/A
Ho acquistato pi√π di una volta le capsule per la mia macchina del caff√®. Consegna sempre puntuale e veloce nonostante una volta fossi in vacanza in un paesino di montagna.,https://www.trustpilot.com/reviews/61443c17215cfcced2684eae,2021-09-17T06:56:23.0000000Z,,Positive,Fast Shipping
"Molto soddisfatto del servizio , preciso, puntuale, come sempre , capsule di caff√® che reputo le migliori per gusto e per rapporto qualit√† prezzo.",https://www.trustpilot.com/reviews/613bc770215cfcced2628ade,2021-09-10T21:00:32.0000000Z,,Positive,Satisfying Transaction
"Ottimi prodotti, prezzi concorrenziali e consegne puntuali. Cosa volere di pi√π?",https://www.trustpilot.com/reviews/613b1d786223e22118ac64ef,2021-09-10T08:55:20.0000000Z,,Positive,Competitive Prices
Sono rimasta molto soddisfatta sia per i tempi di consegna che per la fornitura stessa.,https://www.trustpilot.com/reviews/613655e2cc0087e8ef6fd5e3,2021-09-06T17:54:42.0000000Z,,Positive,Satisfying Transaction
"Il servizio √® stato ottimo, anche a seguito di un nostro errore durante l‚Äôordine, si sono mostrati subito disponibili e pronti ad aiutare.",https://www.trustpilot.com/reviews/612d3f489c391649d84da364,2021-08-30T20:27:52.0000000Z,,Positive,Great Service
"Ordino le mie cialde preferite al miglior prezzo e il giorno dopo, massimo due giorni,  ho il caff√® comodamente a casa. Tutto perfetto",https://www.trustpilot.com/reviews/6123c8637668357b4e437c3b,2021-08-23T16:10:11.0000000Z,,Positive,Fast Shipping
"Sono molto contenta di aver acquistato il caff√® da loro,prezzi convenienti e consegna puntuale",https://www.trustpilot.com/reviews/61192fdf51602952de9463bb,2021-08-15T15:16:47.0000000Z,,Positive,Satisfactory Purchase
"Molto solleciti nell'inviare la merce ordinata. Qualit√†  ottima, continuer√≤ ad acquistare da voi.",https://www.trustpilot.com/reviews/6117898751602952de938054,2021-08-14T09:14:47.0000000Z,,Positive,Fast Shipping
Prima della consegna gradirei ricevere un messaggio in cui si specifica si il  giorno  di consegna ma anche una fascia oraria in cui il corriere passa  in modo che non si debba aspettare tutto il giorno perch√© non si sa quando arriva per il resto tutto ok autista molto educato e cortese  e i prezzi  del caffe molto vantaggiosi nelle confezioni da 100 cialde.      Saluti,https://www.trustpilot.com/reviews/6114e213f9f4870a2806f7f8,2021-08-12T08:55:47.0000000Z,,Positive,Reliable Delivery
"Da alcuni anni acquisto caff√® borbone e non lo cambio con nessun'altro. Dal nero al rosso, al decaffeinato e altro. E' eccezionale. I prodotti mi vengono spediti con celerit√† e mai avuto problemi.",https://www.trustpilot.com/reviews/61125275f9f487044c56adb0,2021-08-10T10:18:29.0000000Z,,Positive,Fast Shipping
Ho comprato una fornitura di capsule caff√© borbone per l'ufficio e nonostante avessi inserito l'indirizzo di consegna sbagliato la cortesia dell'operatore mi ha permesso di risolvere il problema e ricevere la consegna senza ritardi.,https://www.trustpilot.com/reviews/61100312f9f487044c55166d,2021-08-08T16:15:14.0000000Z,,Positive,Great Service
"Compro sempre su questo sito, mi trovo molto bene sia per i prezzi che per i tempi di consegna",https://www.trustpilot.com/reviews/610c487ff9f48709d4c95323,2021-08-05T20:22:23.0000000Z,,Positive,Satisfactory Purchase
Ho gi√† fatto pi√π acquisti su questo sito e devo dire che sono molto soddisfatto.,https://www.trustpilot.com/reviews/610c3ccaf9f487044c52c293,2021-08-05T19:33:23.0000000Z,,Positive,Satisfying Transaction
"Acquisto molto comodo, spedizione e ricezione tempestiva dell'ordine.Davvero consigliato",https://www.trustpilot.com/reviews/610bd5d6f9f487044c5245b2,2021-08-05T12:13:10.0000000Z,,Positive,Satisfactory Purchase
"Tutto bene, non posso dare 5 stelle perch√© la soedizione √® stata fatta senza un cartone esterno, ma solo con una pellicola. Il pacco, costituito dalle tre scatole di cartone leggerissimo delle confezioni originali sono arrivate distrutte, con parte delle capsule fuoriuscite e trattenute a stento dalla pellicola, strappata in vari punti da un trasporto approssimativo.",https://www.trustpilot.com/reviews/6106860df9f48709d4c4cf14,2021-08-01T11:31:25.0000000Z,,Negative,None
"il caff√® mi piace ho gi√† fatto altri ordini precedenti, consegna veloce , buono il prezzo",https://www.trustpilot.com/reviews/61047544f9f487044c4d47e4,2021-07-30T21:55:16.0000000Z,,Positive,Satisfactory Purchase
Buongiorno. Si √® svolto tutto velocemente e alla perfezione. Saluti cordiali,https://www.trustpilot.com/reviews/60f95f30f9f48709d4bbd6b0,2021-07-22T12:06:08.0000000Z,,Positive,Fast Shipping
"Ottimo venditore, molto disponibile, affidabile oltre al fatto che i prezzi sono molto competitivi",https://www.trustpilot.com/reviews/60f16becf9f4870bbcb264cf,2021-07-16T11:22:20.0000000Z,,Positive,Great Service
Acquistato pi√π volte cialde Borbone: prezzi ottimi e spedizione velocissima.,https://www.trustpilot.com/reviews/60f145e1f9f4870bbcb23a97,2021-07-16T08:40:01.0000000Z,,Positive,Fast Shipping
Precisi e affidabiliI prodotti ordinati arrivano subito Nn li lascio pi√π Grazie !,https://www.trustpilot.com/reviews/60f065a9f9f48702a8e66438,2021-07-15T16:43:21.0000000Z,,Positive,Fast Shipping
"Prezzo vantaggioso  , ordinato il luned√¨ arrivato il marted√¨.Perfetto nient‚Äôaltro da aggiungere.",https://www.trustpilot.com/reviews/60f0625ff9f4870bbcb1b665,2021-07-15T16:29:19.0000000Z,,Positive,Satisfying Transaction
Ottima scelta d√¨ prodotti. Possibilit√† d√¨ acquisto a prezzi convenienti. Tempi di consegna buoni.,https://www.trustpilot.com/reviews/60f0293ef9f4870bbcb16fba,2021-07-15T12:25:34.0000000Z,,Positive,Satisfactory Purchase